/*Data for the table `hfcfg_component_template` */insert  into `hfcfg_component_template`(`creator_id`,`hfcfg_component_template_code`,`modifier_id`,`hfcfg_component_template_type`,`create_time`,`hfcfg_component_template_desc`,`hfcfg_component_template_id`,`modify_time`,`hfcfg_component_template_name`) values (NULL,'qForm',NULL,NULL,'2016-08-10 14:38:06',NULL,1,NULL,'查询Form表单');insert  into `hfcfg_component_template`(`creator_id`,`hfcfg_component_template_code`,`modifier_id`,`hfcfg_component_template_type`,`create_time`,`hfcfg_component_template_desc`,`hfcfg_component_template_id`,`modify_time`,`hfcfg_component_template_name`) values (NULL,'qList',NULL,NULL,'2016-08-10 14:38:49',NULL,2,NULL,'查询展示列表');insert  into `hfcfg_component_template`(`creator_id`,`hfcfg_component_template_code`,`modifier_id`,`hfcfg_component_template_type`,`create_time`,`hfcfg_component_template_desc`,`hfcfg_component_template_id`,`modify_time`,`hfcfg_component_template_name`) values (NULL,'eList',NULL,NULL,'2016-08-10 14:39:24',NULL,3,'2016-08-10 15:19:05','编辑展示列表');insert  into `hfcfg_component_template`(`creator_id`,`hfcfg_component_template_code`,`modifier_id`,`hfcfg_component_template_type`,`create_time`,`hfcfg_component_template_desc`,`hfcfg_component_template_id`,`modify_time`,`hfcfg_component_template_name`) values (NULL,'cForm',NULL,NULL,'2016-08-10 14:40:10',NULL,4,NULL,'创建Form表单');insert  into `hfcfg_component_template`(`creator_id`,`hfcfg_component_template_code`,`modifier_id`,`hfcfg_component_template_type`,`create_time`,`hfcfg_component_template_desc`,`hfcfg_component_template_id`,`modify_time`,`hfcfg_component_template_name`) values (NULL,'eForm',NULL,NULL,'2016-08-10 14:40:26',NULL,5,NULL,'编辑Form表单');insert  into `hfcfg_component_template`(`creator_id`,`hfcfg_component_template_code`,`modifier_id`,`hfcfg_component_template_type`,`create_time`,`hfcfg_component_template_desc`,`hfcfg_component_template_id`,`modify_time`,`hfcfg_component_template_name`) values (NULL,'dForm',NULL,NULL,'2016-08-10 14:40:50',NULL,6,NULL,'详情Form展示');/*Data for the table `hfcfg_page_template` */insert  into `hfcfg_page_template`(`hfcfg_page_template_id`,`hfcfg_page_template_type`,`hfcfg_page_template_name`,`hfcfg_page_template_code`,`hfcfg_page_template_desc`,`template_url`,`snapshot_url`,`op_id`,`create_time`,`modify_op_id`,`modify_time`,`del_flag`) values (1,1,'列表页【qlist】','qlist','列表页【qlist】',NULL,'',NULL,NULL,999,'2016-08-10 17:22:09',NULL);insert  into `hfcfg_page_template`(`hfcfg_page_template_id`,`hfcfg_page_template_type`,`hfcfg_page_template_name`,`hfcfg_page_template_code`,`hfcfg_page_template_desc`,`template_url`,`snapshot_url`,`op_id`,`create_time`,`modify_op_id`,`modify_time`,`del_flag`) values (2,1,'可编辑列表页【eList】','eList','',NULL,'',999,'2016-08-10 17:23:53',NULL,NULL,0);insert  into `hfcfg_page_template`(`hfcfg_page_template_id`,`hfcfg_page_template_type`,`hfcfg_page_template_name`,`hfcfg_page_template_code`,`hfcfg_page_template_desc`,`template_url`,`snapshot_url`,`op_id`,`create_time`,`modify_op_id`,`modify_time`,`del_flag`) values (3,1,'创建页【create】','create','',NULL,'',999,'2016-08-10 17:24:21',999,'2016-08-10 17:25:07',0);insert  into `hfcfg_page_template`(`hfcfg_page_template_id`,`hfcfg_page_template_type`,`hfcfg_page_template_name`,`hfcfg_page_template_code`,`hfcfg_page_template_desc`,`template_url`,`snapshot_url`,`op_id`,`create_time`,`modify_op_id`,`modify_time`,`del_flag`) values (4,1,'编辑页【edit】','edit','',NULL,'',999,'2016-08-10 17:26:01',NULL,NULL,0);insert  into `hfcfg_page_template`(`hfcfg_page_template_id`,`hfcfg_page_template_type`,`hfcfg_page_template_name`,`hfcfg_page_template_code`,`hfcfg_page_template_desc`,`template_url`,`snapshot_url`,`op_id`,`create_time`,`modify_op_id`,`modify_time`,`del_flag`) values (5,1,'详情页【detail】','detail','',NULL,'',999,'2016-08-10 17:26:26',NULL,NULL,0);insert  into `hfcfg_page_template`(`hfcfg_page_template_id`,`hfcfg_page_template_type`,`hfcfg_page_template_name`,`hfcfg_page_template_code`,`hfcfg_page_template_desc`,`template_url`,`snapshot_url`,`op_id`,`create_time`,`modify_op_id`,`modify_time`,`del_flag`) values (6,1,'父子连带创建页面【cComb】','cComb','',NULL,'',999,'2016-08-10 17:27:27',NULL,NULL,0);insert  into `hfcfg_page_template`(`hfcfg_page_template_id`,`hfcfg_page_template_type`,`hfcfg_page_template_name`,`hfcfg_page_template_code`,`hfcfg_page_template_desc`,`template_url`,`snapshot_url`,`op_id`,`create_time`,`modify_op_id`,`modify_time`,`del_flag`) values (7,1,'父子连带修改页面【eComb】','eComb','',NULL,'',999,'2016-08-10 17:28:07',NULL,NULL,0);insert  into `hfcfg_page_template`(`hfcfg_page_template_id`,`hfcfg_page_template_type`,`hfcfg_page_template_name`,`hfcfg_page_template_code`,`hfcfg_page_template_desc`,`template_url`,`snapshot_url`,`op_id`,`create_time`,`modify_op_id`,`modify_time`,`del_flag`) values (8,2,'父子连带查询页面【dComb】','dComb','',NULL,'',999,'2016-08-10 17:30:02',NULL,NULL,0);insert  into `hfcfg_page_template`(`hfcfg_page_template_id`,`hfcfg_page_template_type`,`hfcfg_page_template_name`,`hfcfg_page_template_code`,`hfcfg_page_template_desc`,`template_url`,`snapshot_url`,`op_id`,`create_time`,`modify_op_id`,`modify_time`,`del_flag`) values (9,2,'动态页面【dynamic】','dynamic','',NULL,'',999,'2016-08-10 17:30:37',NULL,NULL,0);/*Data for the table `hfcfg_page_template_elements` */insert  into `hfcfg_page_template_elements`(`hfcfg_page_template_id`,`modify_time`,`hfcfg_page_template_elements_id`,`hfcfg_page_template_elements_type`,`modifier_id`,`create_time`,`creator_id`,`event_extend`,`hfcfg_component_template_id`) values (1,'2016-08-10 17:22:09',1,2,NULL,'2016-08-10 17:20:47',NULL,1,1);insert  into `hfcfg_page_template_elements`(`hfcfg_page_template_id`,`modify_time`,`hfcfg_page_template_elements_id`,`hfcfg_page_template_elements_type`,`modifier_id`,`create_time`,`creator_id`,`event_extend`,`hfcfg_component_template_id`) values (1,'2016-08-10 17:22:09',2,2,NULL,'2016-08-10 17:20:47',NULL,1,2);insert  into `hfcfg_page_template_elements`(`hfcfg_page_template_id`,`modify_time`,`hfcfg_page_template_elements_id`,`hfcfg_page_template_elements_type`,`modifier_id`,`create_time`,`creator_id`,`event_extend`,`hfcfg_component_template_id`) values (NULL,NULL,3,2,NULL,'2016-08-10 17:22:56',NULL,1,3);insert  into `hfcfg_page_template_elements`(`hfcfg_page_template_id`,`modify_time`,`hfcfg_page_template_elements_id`,`hfcfg_page_template_elements_type`,`modifier_id`,`create_time`,`creator_id`,`event_extend`,`hfcfg_component_template_id`) values (2,NULL,4,2,NULL,'2016-08-10 17:23:53',NULL,1,3);insert  into `hfcfg_page_template_elements`(`hfcfg_page_template_id`,`modify_time`,`hfcfg_page_template_elements_id`,`hfcfg_page_template_elements_type`,`modifier_id`,`create_time`,`creator_id`,`event_extend`,`hfcfg_component_template_id`) values (3,'2016-08-10 17:25:07',5,2,NULL,'2016-08-10 17:24:21',NULL,1,4);insert  into `hfcfg_page_template_elements`(`hfcfg_page_template_id`,`modify_time`,`hfcfg_page_template_elements_id`,`hfcfg_page_template_elements_type`,`modifier_id`,`create_time`,`creator_id`,`event_extend`,`hfcfg_component_template_id`) values (NULL,NULL,6,2,NULL,'2016-08-10 17:24:46',NULL,1,5);insert  into `hfcfg_page_template_elements`(`hfcfg_page_template_id`,`modify_time`,`hfcfg_page_template_elements_id`,`hfcfg_page_template_elements_type`,`modifier_id`,`create_time`,`creator_id`,`event_extend`,`hfcfg_component_template_id`) values (4,NULL,7,2,NULL,'2016-08-10 17:26:02',NULL,1,5);insert  into `hfcfg_page_template_elements`(`hfcfg_page_template_id`,`modify_time`,`hfcfg_page_template_elements_id`,`hfcfg_page_template_elements_type`,`modifier_id`,`create_time`,`creator_id`,`event_extend`,`hfcfg_component_template_id`) values (5,NULL,8,2,NULL,'2016-08-10 17:26:26',NULL,1,6);insert  into `hfcfg_page_template_elements`(`hfcfg_page_template_id`,`modify_time`,`hfcfg_page_template_elements_id`,`hfcfg_page_template_elements_type`,`modifier_id`,`create_time`,`creator_id`,`event_extend`,`hfcfg_component_template_id`) values (6,NULL,9,2,NULL,'2016-08-10 17:27:27',NULL,1,4);insert  into `hfcfg_page_template_elements`(`hfcfg_page_template_id`,`modify_time`,`hfcfg_page_template_elements_id`,`hfcfg_page_template_elements_type`,`modifier_id`,`create_time`,`creator_id`,`event_extend`,`hfcfg_component_template_id`) values (6,NULL,10,2,NULL,'2016-08-10 17:27:27',NULL,1,3);insert  into `hfcfg_page_template_elements`(`hfcfg_page_template_id`,`modify_time`,`hfcfg_page_template_elements_id`,`hfcfg_page_template_elements_type`,`modifier_id`,`create_time`,`creator_id`,`event_extend`,`hfcfg_component_template_id`) values (7,NULL,11,2,NULL,'2016-08-10 17:28:07',NULL,1,5);insert  into `hfcfg_page_template_elements`(`hfcfg_page_template_id`,`modify_time`,`hfcfg_page_template_elements_id`,`hfcfg_page_template_elements_type`,`modifier_id`,`create_time`,`creator_id`,`event_extend`,`hfcfg_component_template_id`) values (7,NULL,12,2,NULL,'2016-08-10 17:28:07',NULL,1,3);insert  into `hfcfg_page_template_elements`(`hfcfg_page_template_id`,`modify_time`,`hfcfg_page_template_elements_id`,`hfcfg_page_template_elements_type`,`modifier_id`,`create_time`,`creator_id`,`event_extend`,`hfcfg_component_template_id`) values (NULL,NULL,13,2,NULL,'2016-08-10 17:28:58',NULL,1,6);insert  into `hfcfg_page_template_elements`(`hfcfg_page_template_id`,`modify_time`,`hfcfg_page_template_elements_id`,`hfcfg_page_template_elements_type`,`modifier_id`,`create_time`,`creator_id`,`event_extend`,`hfcfg_component_template_id`) values (NULL,NULL,14,2,NULL,'2016-08-10 17:28:58',NULL,1,2);insert  into `hfcfg_page_template_elements`(`hfcfg_page_template_id`,`modify_time`,`hfcfg_page_template_elements_id`,`hfcfg_page_template_elements_type`,`modifier_id`,`create_time`,`creator_id`,`event_extend`,`hfcfg_component_template_id`) values (8,NULL,15,2,NULL,'2016-08-10 17:30:02',NULL,1,6);insert  into `hfcfg_page_template_elements`(`hfcfg_page_template_id`,`modify_time`,`hfcfg_page_template_elements_id`,`hfcfg_page_template_elements_type`,`modifier_id`,`create_time`,`creator_id`,`event_extend`,`hfcfg_component_template_id`) values (8,NULL,16,2,NULL,'2016-08-10 17:30:02',NULL,1,2);insert  into `hfcfg_page_template_elements`(`hfcfg_page_template_id`,`modify_time`,`hfcfg_page_template_elements_id`,`hfcfg_page_template_elements_type`,`modifier_id`,`create_time`,`creator_id`,`event_extend`,`hfcfg_component_template_id`) values (9,NULL,17,NULL,NULL,'2016-08-10 17:30:37',NULL,NULL,NULL);/*Data for the table `hfcfg_program_template` */insert  into `hfcfg_program_template`(`hfcfg_program_template_id`,`program_template_name`,`program_template_code`,`program_template_desc`,`template_url`,`snapshot_url`,`op_id`,`create_time`,`modify_op_id`,`modify_time`,`del_flag`) values (1,'默认','Default','这是一个默认模板','template\\program\\000001-chahua3223\\template.jsp',NULL,NULL,NULL,999,'2016-08-10 14:04:42',NULL);/*Data for the table `hfmd_enum` */insert  into `hfmd_enum`(`hfmd_enum_id`,`hfmd_enum_value`,`hfmd_enum_text`,`hfmd_enum_desc`,`is_default`,`pri`,`ext1`,`ext2`,`hfmd_enum_class_id`,`hfmd_enum_class_code`,`hfpm_program_id`,`op_id`,`create_time`,`modify_op_id`,`modify_time`,`del_flag`) values (1,'1','是','',0,'0.99','','',17,'DEFAULT.BOOLEAN',NULL,NULL,NULL,999,'2016-06-27 17:45:44',NULL);insert  into `hfmd_enum`(`hfmd_enum_id`,`hfmd_enum_value`,`hfmd_enum_text`,`hfmd_enum_desc`,`is_default`,`pri`,`ext1`,`ext2`,`hfmd_enum_class_id`,`hfmd_enum_class_code`,`hfpm_program_id`,`op_id`,`create_time`,`modify_op_id`,`modify_time`,`del_flag`) values (2,'1','是','',1,'1.99','','',1,'DEFAULT.BOOLEAN',NULL,NULL,NULL,999,'2016-07-03 12:43:14',NULL);insert  into `hfmd_enum`(`hfmd_enum_id`,`hfmd_enum_value`,`hfmd_enum_text`,`hfmd_enum_desc`,`is_default`,`pri`,`ext1`,`ext2`,`hfmd_enum_class_id`,`hfmd_enum_class_code`,`hfpm_program_id`,`op_id`,`create_time`,`modify_op_id`,`modify_time`,`del_flag`) values (3,'0','否','',0,'2.99','','',1,'DEFAULT.BOOLEAN',NULL,999,'2016-06-27 17:36:59',999,'2016-07-03 12:43:14',0);insert  into `hfmd_enum`(`hfmd_enum_id`,`hfmd_enum_value`,`hfmd_enum_text`,`hfmd_enum_desc`,`is_default`,`pri`,`ext1`,`ext2`,`hfmd_enum_class_id`,`hfmd_enum_class_code`,`hfpm_program_id`,`op_id`,`create_time`,`modify_op_id`,`modify_time`,`del_flag`) values (5,'1','1','1',1,'1.00','1','1',20,'',NULL,999,'2016-06-28 16:04:12',999,'2016-06-28 16:39:59',0);insert  into `hfmd_enum`(`hfmd_enum_id`,`hfmd_enum_value`,`hfmd_enum_text`,`hfmd_enum_desc`,`is_default`,`pri`,`ext1`,`ext2`,`hfmd_enum_class_id`,`hfmd_enum_class_code`,`hfpm_program_id`,`op_id`,`create_time`,`modify_op_id`,`modify_time`,`del_flag`) values (6,'2','2','2',0,'2.00','2','2',20,'',NULL,999,'2016-06-28 16:04:12',999,'2016-06-28 16:39:59',0);insert  into `hfmd_enum`(`hfmd_enum_id`,`hfmd_enum_value`,`hfmd_enum_text`,`hfmd_enum_desc`,`is_default`,`pri`,`ext1`,`ext2`,`hfmd_enum_class_id`,`hfmd_enum_class_code`,`hfpm_program_id`,`op_id`,`create_time`,`modify_op_id`,`modify_time`,`del_flag`) values (7,'3','4','4',0,'3.00','4','4',20,'',NULL,999,'2016-06-28 16:04:12',999,'2016-06-28 16:39:59',0);insert  into `hfmd_enum`(`hfmd_enum_id`,`hfmd_enum_value`,`hfmd_enum_text`,`hfmd_enum_desc`,`is_default`,`pri`,`ext1`,`ext2`,`hfmd_enum_class_id`,`hfmd_enum_class_code`,`hfpm_program_id`,`op_id`,`create_time`,`modify_op_id`,`modify_time`,`del_flag`) values (8,'0','业务类','',NULL,'1.00','','',22,'',151031375370,999,'2016-07-03 10:33:24',NULL,NULL,0);insert  into `hfmd_enum`(`hfmd_enum_id`,`hfmd_enum_value`,`hfmd_enum_text`,`hfmd_enum_desc`,`is_default`,`pri`,`ext1`,`ext2`,`hfmd_enum_class_id`,`hfmd_enum_class_code`,`hfpm_program_id`,`op_id`,`create_time`,`modify_op_id`,`modify_time`,`del_flag`) values (9,'1','配置类','',NULL,'2.00','','',22,'',151031375370,999,'2016-07-03 10:33:24',NULL,NULL,0);insert  into `hfmd_enum`(`hfmd_enum_id`,`hfmd_enum_value`,`hfmd_enum_text`,`hfmd_enum_desc`,`is_default`,`pri`,`ext1`,`ext2`,`hfmd_enum_class_id`,`hfmd_enum_class_code`,`hfpm_program_id`,`op_id`,`create_time`,`modify_op_id`,`modify_time`,`del_flag`) values (10,'2','关系类','',NULL,'3.00','','',22,'',151031375370,999,'2016-07-03 10:33:24',NULL,NULL,0);insert  into `hfmd_enum`(`hfmd_enum_id`,`hfmd_enum_value`,`hfmd_enum_text`,`hfmd_enum_desc`,`is_default`,`pri`,`ext1`,`ext2`,`hfmd_enum_class_id`,`hfmd_enum_class_code`,`hfpm_program_id`,`op_id`,`create_time`,`modify_op_id`,`modify_time`,`del_flag`) values (11,'3','扩展类','',NULL,'4.00','','',22,'',151031375370,999,'2016-07-03 10:33:24',NULL,NULL,0);insert  into `hfmd_enum`(`hfmd_enum_id`,`hfmd_enum_value`,`hfmd_enum_text`,`hfmd_enum_desc`,`is_default`,`pri`,`ext1`,`ext2`,`hfmd_enum_class_id`,`hfmd_enum_class_code`,`hfpm_program_id`,`op_id`,`create_time`,`modify_op_id`,`modify_time`,`del_flag`) values (12,'1','int','数字',NULL,'1.00','','',23,'',151031375370,999,'2016-07-03 10:37:05',999,'2016-07-03 10:38:38',0);insert  into `hfmd_enum`(`hfmd_enum_id`,`hfmd_enum_value`,`hfmd_enum_text`,`hfmd_enum_desc`,`is_default`,`pri`,`ext1`,`ext2`,`hfmd_enum_class_id`,`hfmd_enum_class_code`,`hfpm_program_id`,`op_id`,`create_time`,`modify_op_id`,`modify_time`,`del_flag`) values (13,'2','bigint','大数据',NULL,'2.00','','',23,'',151031375370,999,'2016-07-03 10:37:05',999,'2016-07-03 10:38:38',0);insert  into `hfmd_enum`(`hfmd_enum_id`,`hfmd_enum_value`,`hfmd_enum_text`,`hfmd_enum_desc`,`is_default`,`pri`,`ext1`,`ext2`,`hfmd_enum_class_id`,`hfmd_enum_class_code`,`hfpm_program_id`,`op_id`,`create_time`,`modify_op_id`,`modify_time`,`del_flag`) values (14,'3','varchar','字符',NULL,'3.00','','',23,'',151031375370,999,'2016-07-03 10:37:05',999,'2016-07-03 10:38:38',0);insert  into `hfmd_enum`(`hfmd_enum_id`,`hfmd_enum_value`,`hfmd_enum_text`,`hfmd_enum_desc`,`is_default`,`pri`,`ext1`,`ext2`,`hfmd_enum_class_id`,`hfmd_enum_class_code`,`hfpm_program_id`,`op_id`,`create_time`,`modify_op_id`,`modify_time`,`del_flag`) values (15,'4','numeric','小数',NULL,'4.00','','',23,'',151031375370,999,'2016-07-03 10:37:05',999,'2016-07-03 10:38:38',0);insert  into `hfmd_enum`(`hfmd_enum_id`,`hfmd_enum_value`,`hfmd_enum_text`,`hfmd_enum_desc`,`is_default`,`pri`,`ext1`,`ext2`,`hfmd_enum_class_id`,`hfmd_enum_class_code`,`hfpm_program_id`,`op_id`,`create_time`,`modify_op_id`,`modify_time`,`del_flag`) values (16,'5','datetime','时间',NULL,'5.00','','',23,'',151031375370,999,'2016-07-03 10:37:05',999,'2016-07-03 10:38:38',0);insert  into `hfmd_enum`(`hfmd_enum_id`,`hfmd_enum_value`,`hfmd_enum_text`,`hfmd_enum_desc`,`is_default`,`pri`,`ext1`,`ext2`,`hfmd_enum_class_id`,`hfmd_enum_class_code`,`hfpm_program_id`,`op_id`,`create_time`,`modify_op_id`,`modify_time`,`del_flag`) values (17,'6','date','日期',NULL,'6.00','','',23,'',151031375370,999,'2016-07-03 10:37:05',NULL,NULL,0);insert  into `hfmd_enum`(`hfmd_enum_id`,`hfmd_enum_value`,`hfmd_enum_text`,`hfmd_enum_desc`,`is_default`,`pri`,`ext1`,`ext2`,`hfmd_enum_class_id`,`hfmd_enum_class_code`,`hfpm_program_id`,`op_id`,`create_time`,`modify_op_id`,`modify_time`,`del_flag`) values (18,'7','tinyint','2位数字',NULL,'7.00','','',23,'',151031375370,999,'2016-07-03 10:37:05',NULL,NULL,0);insert  into `hfmd_enum`(`hfmd_enum_id`,`hfmd_enum_value`,`hfmd_enum_text`,`hfmd_enum_desc`,`is_default`,`pri`,`ext1`,`ext2`,`hfmd_enum_class_id`,`hfmd_enum_class_code`,`hfpm_program_id`,`op_id`,`create_time`,`modify_op_id`,`modify_time`,`del_flag`) values (19,'8','smallint','小数据',NULL,'8.00','','',23,'',151031375370,999,'2016-07-03 10:37:05',NULL,NULL,0);insert  into `hfmd_enum`(`hfmd_enum_id`,`hfmd_enum_value`,`hfmd_enum_text`,`hfmd_enum_desc`,`is_default`,`pri`,`ext1`,`ext2`,`hfmd_enum_class_id`,`hfmd_enum_class_code`,`hfpm_program_id`,`op_id`,`create_time`,`modify_op_id`,`modify_time`,`del_flag`) values (20,'9','double','',NULL,'9.00','','',23,'',151031375370,999,'2016-07-03 10:37:05',NULL,NULL,0);insert  into `hfmd_enum`(`hfmd_enum_id`,`hfmd_enum_value`,`hfmd_enum_text`,`hfmd_enum_desc`,`is_default`,`pri`,`ext1`,`ext2`,`hfmd_enum_class_id`,`hfmd_enum_class_code`,`hfpm_program_id`,`op_id`,`create_time`,`modify_op_id`,`modify_time`,`del_flag`) values (21,'10','decimal','',NULL,'10.00','','',23,'',151031375370,999,'2016-07-03 10:37:05',NULL,NULL,0);insert  into `hfmd_enum`(`hfmd_enum_id`,`hfmd_enum_value`,`hfmd_enum_text`,`hfmd_enum_desc`,`is_default`,`pri`,`ext1`,`ext2`,`hfmd_enum_class_id`,`hfmd_enum_class_code`,`hfpm_program_id`,`op_id`,`create_time`,`modify_op_id`,`modify_time`,`del_flag`) values (22,'11','float','',NULL,'11.00','','',23,'',151031375370,999,'2016-07-03 10:37:05',NULL,NULL,0);insert  into `hfmd_enum`(`hfmd_enum_id`,`hfmd_enum_value`,`hfmd_enum_text`,`hfmd_enum_desc`,`is_default`,`pri`,`ext1`,`ext2`,`hfmd_enum_class_id`,`hfmd_enum_class_code`,`hfpm_program_id`,`op_id`,`create_time`,`modify_op_id`,`modify_time`,`del_flag`) values (23,'12','text','',NULL,'12.00','','',23,'',151031375370,999,'2016-07-03 10:37:05',NULL,NULL,0);insert  into `hfmd_enum`(`hfmd_enum_id`,`hfmd_enum_value`,`hfmd_enum_text`,`hfmd_enum_desc`,`is_default`,`pri`,`ext1`,`ext2`,`hfmd_enum_class_id`,`hfmd_enum_class_code`,`hfpm_program_id`,`op_id`,`create_time`,`modify_op_id`,`modify_time`,`del_flag`) values (24,'1','一级','',NULL,'1.00','','',24,'',NULL,999,'2016-08-02 08:38:40',NULL,NULL,0);insert  into `hfmd_enum`(`hfmd_enum_id`,`hfmd_enum_value`,`hfmd_enum_text`,`hfmd_enum_desc`,`is_default`,`pri`,`ext1`,`ext2`,`hfmd_enum_class_id`,`hfmd_enum_class_code`,`hfpm_program_id`,`op_id`,`create_time`,`modify_op_id`,`modify_time`,`del_flag`) values (25,'2','二级','',NULL,'2.00','','',24,'',NULL,999,'2016-08-02 08:38:40',NULL,NULL,0);insert  into `hfmd_enum`(`hfmd_enum_id`,`hfmd_enum_value`,`hfmd_enum_text`,`hfmd_enum_desc`,`is_default`,`pri`,`ext1`,`ext2`,`hfmd_enum_class_id`,`hfmd_enum_class_code`,`hfpm_program_id`,`op_id`,`create_time`,`modify_op_id`,`modify_time`,`del_flag`) values (26,'3','三级','',NULL,'3.00','','',24,'',NULL,999,'2016-08-02 08:38:40',NULL,NULL,0);insert  into `hfmd_enum`(`hfmd_enum_id`,`hfmd_enum_value`,`hfmd_enum_text`,`hfmd_enum_desc`,`is_default`,`pri`,`ext1`,`ext2`,`hfmd_enum_class_id`,`hfmd_enum_class_code`,`hfpm_program_id`,`op_id`,`create_time`,`modify_op_id`,`modify_time`,`del_flag`) values (27,'icon-bookmark','<i class=\"icon-bookmark\"></i>','',NULL,'1.00','','',25,'',NULL,999,'2016-08-02 08:44:01',NULL,NULL,0);insert  into `hfmd_enum`(`hfmd_enum_id`,`hfmd_enum_value`,`hfmd_enum_text`,`hfmd_enum_desc`,`is_default`,`pri`,`ext1`,`ext2`,`hfmd_enum_class_id`,`hfmd_enum_class_code`,`hfpm_program_id`,`op_id`,`create_time`,`modify_op_id`,`modify_time`,`del_flag`) values (28,'icon-sitemap','<i class=\"icon-sitemap\"></i>','',NULL,'2.00','','',25,'',NULL,999,'2016-08-02 08:44:01',NULL,NULL,0);insert  into `hfmd_enum`(`hfmd_enum_id`,`hfmd_enum_value`,`hfmd_enum_text`,`hfmd_enum_desc`,`is_default`,`pri`,`ext1`,`ext2`,`hfmd_enum_class_id`,`hfmd_enum_class_code`,`hfpm_program_id`,`op_id`,`create_time`,`modify_op_id`,`modify_time`,`del_flag`) values (29,'1','string','',NULL,'1.00','','',26,'',151031375370,999,'2016-08-10 17:17:37',999,'2016-08-10 17:18:04',0);insert  into `hfmd_enum`(`hfmd_enum_id`,`hfmd_enum_value`,`hfmd_enum_text`,`hfmd_enum_desc`,`is_default`,`pri`,`ext1`,`ext2`,`hfmd_enum_class_id`,`hfmd_enum_class_code`,`hfpm_program_id`,`op_id`,`create_time`,`modify_op_id`,`modify_time`,`del_flag`) values (30,'2','component','',NULL,'2.00','','',26,'',151031375370,999,'2016-08-10 17:18:04',NULL,NULL,0);insert  into `hfmd_enum`(`hfmd_enum_id`,`hfmd_enum_value`,`hfmd_enum_text`,`hfmd_enum_desc`,`is_default`,`pri`,`ext1`,`ext2`,`hfmd_enum_class_id`,`hfmd_enum_class_code`,`hfpm_program_id`,`op_id`,`create_time`,`modify_op_id`,`modify_time`,`del_flag`) values (31,'3','container','',NULL,'3.00','','',26,'',151031375370,999,'2016-08-10 17:18:04',NULL,NULL,0);insert  into `hfmd_enum`(`hfmd_enum_id`,`hfmd_enum_value`,`hfmd_enum_text`,`hfmd_enum_desc`,`is_default`,`pri`,`ext1`,`ext2`,`hfmd_enum_class_id`,`hfmd_enum_class_code`,`hfpm_program_id`,`op_id`,`create_time`,`modify_op_id`,`modify_time`,`del_flag`) values (32,'1','男','男',NULL,'1.00','','',27,'',NULL,999,'2016-09-18 18:57:21',NULL,NULL,0);insert  into `hfmd_enum`(`hfmd_enum_id`,`hfmd_enum_value`,`hfmd_enum_text`,`hfmd_enum_desc`,`is_default`,`pri`,`ext1`,`ext2`,`hfmd_enum_class_id`,`hfmd_enum_class_code`,`hfpm_program_id`,`op_id`,`create_time`,`modify_op_id`,`modify_time`,`del_flag`) values (33,'2','女','女',NULL,'2.00','','',27,'',NULL,999,'2016-09-18 18:57:21',NULL,NULL,0);insert  into `hfmd_enum`(`hfmd_enum_id`,`hfmd_enum_value`,`hfmd_enum_text`,`hfmd_enum_desc`,`is_default`,`pri`,`ext1`,`ext2`,`hfmd_enum_class_id`,`hfmd_enum_class_code`,`hfpm_program_id`,`op_id`,`create_time`,`modify_op_id`,`modify_time`,`del_flag`) values (34,'3','未知','未知',NULL,'3.00','','',27,'',NULL,999,'2016-09-18 18:57:21',NULL,NULL,0);insert  into `hfmd_enum`(`hfmd_enum_id`,`hfmd_enum_value`,`hfmd_enum_text`,`hfmd_enum_desc`,`is_default`,`pri`,`ext1`,`ext2`,`hfmd_enum_class_id`,`hfmd_enum_class_code`,`hfpm_program_id`,`op_id`,`create_time`,`modify_op_id`,`modify_time`,`del_flag`) values (42,'1','正常','',NULL,'1.00','','',30,'',151031375397,999,'2016-09-19 14:42:46',1,'2016-11-18 10:54:54',0);insert  into `hfmd_enum`(`hfmd_enum_id`,`hfmd_enum_value`,`hfmd_enum_text`,`hfmd_enum_desc`,`is_default`,`pri`,`ext1`,`ext2`,`hfmd_enum_class_id`,`hfmd_enum_class_code`,`hfpm_program_id`,`op_id`,`create_time`,`modify_op_id`,`modify_time`,`del_flag`) values (43,'0','停用','',NULL,'2.00','','',30,'',151031375397,999,'2016-09-19 14:42:46',1,'2016-11-18 10:54:54',0);insert  into `hfmd_enum`(`hfmd_enum_id`,`hfmd_enum_value`,`hfmd_enum_text`,`hfmd_enum_desc`,`is_default`,`pri`,`ext1`,`ext2`,`hfmd_enum_class_id`,`hfmd_enum_class_code`,`hfpm_program_id`,`op_id`,`create_time`,`modify_op_id`,`modify_time`,`del_flag`) values (44,'1','mysql','',NULL,'1.00','','',31,'',151031375397,999,'2016-09-19 14:43:11',NULL,NULL,0);insert  into `hfmd_enum`(`hfmd_enum_id`,`hfmd_enum_value`,`hfmd_enum_text`,`hfmd_enum_desc`,`is_default`,`pri`,`ext1`,`ext2`,`hfmd_enum_class_id`,`hfmd_enum_class_code`,`hfpm_program_id`,`op_id`,`create_time`,`modify_op_id`,`modify_time`,`del_flag`) values (45,'1','正常','',NULL,'1.00','','',32,'',151031375397,999,'2016-09-19 14:43:49',NULL,NULL,0);insert  into `hfmd_enum`(`hfmd_enum_id`,`hfmd_enum_value`,`hfmd_enum_text`,`hfmd_enum_desc`,`is_default`,`pri`,`ext1`,`ext2`,`hfmd_enum_class_id`,`hfmd_enum_class_code`,`hfpm_program_id`,`op_id`,`create_time`,`modify_op_id`,`modify_time`,`del_flag`) values (46,'2','停用','',NULL,'2.00','','',32,'',151031375397,999,'2016-09-19 14:43:49',NULL,NULL,0);insert  into `hfmd_enum`(`hfmd_enum_id`,`hfmd_enum_value`,`hfmd_enum_text`,`hfmd_enum_desc`,`is_default`,`pri`,`ext1`,`ext2`,`hfmd_enum_class_id`,`hfmd_enum_class_code`,`hfpm_program_id`,`op_id`,`create_time`,`modify_op_id`,`modify_time`,`del_flag`) values (47,'1','kafka','',NULL,'1.00','','',33,'',151031375397,999,'2016-09-19 14:44:08',NULL,NULL,0);insert  into `hfmd_enum`(`hfmd_enum_id`,`hfmd_enum_value`,`hfmd_enum_text`,`hfmd_enum_desc`,`is_default`,`pri`,`ext1`,`ext2`,`hfmd_enum_class_id`,`hfmd_enum_class_code`,`hfpm_program_id`,`op_id`,`create_time`,`modify_op_id`,`modify_time`,`del_flag`) values (48,'1','正常','',NULL,'1.00','','',34,'',151031375397,999,'2016-09-19 14:44:24',NULL,NULL,0);insert  into `hfmd_enum`(`hfmd_enum_id`,`hfmd_enum_value`,`hfmd_enum_text`,`hfmd_enum_desc`,`is_default`,`pri`,`ext1`,`ext2`,`hfmd_enum_class_id`,`hfmd_enum_class_code`,`hfpm_program_id`,`op_id`,`create_time`,`modify_op_id`,`modify_time`,`del_flag`) values (49,'2','停用','',NULL,'2.00','','',34,'',151031375397,999,'2016-09-19 14:44:24',NULL,NULL,0);insert  into `hfmd_enum`(`hfmd_enum_id`,`hfmd_enum_value`,`hfmd_enum_text`,`hfmd_enum_desc`,`is_default`,`pri`,`ext1`,`ext2`,`hfmd_enum_class_id`,`hfmd_enum_class_code`,`hfpm_program_id`,`op_id`,`create_time`,`modify_op_id`,`modify_time`,`del_flag`) values (50,'1','永久主题','',NULL,'1.00','','',35,'',151031375397,999,'2016-09-19 14:45:58',NULL,NULL,0);insert  into `hfmd_enum`(`hfmd_enum_id`,`hfmd_enum_value`,`hfmd_enum_text`,`hfmd_enum_desc`,`is_default`,`pri`,`ext1`,`ext2`,`hfmd_enum_class_id`,`hfmd_enum_class_code`,`hfpm_program_id`,`op_id`,`create_time`,`modify_op_id`,`modify_time`,`del_flag`) values (51,'2','临时主题','',NULL,'2.00','','',35,'',151031375397,999,'2016-09-19 14:45:58',NULL,NULL,0);insert  into `hfmd_enum`(`hfmd_enum_id`,`hfmd_enum_value`,`hfmd_enum_text`,`hfmd_enum_desc`,`is_default`,`pri`,`ext1`,`ext2`,`hfmd_enum_class_id`,`hfmd_enum_class_code`,`hfpm_program_id`,`op_id`,`create_time`,`modify_op_id`,`modify_time`,`del_flag`) values (52,'1','正常','',NULL,'1.00','','',36,'',151031375397,999,'2016-09-19 14:46:45',NULL,NULL,0);insert  into `hfmd_enum`(`hfmd_enum_id`,`hfmd_enum_value`,`hfmd_enum_text`,`hfmd_enum_desc`,`is_default`,`pri`,`ext1`,`ext2`,`hfmd_enum_class_id`,`hfmd_enum_class_code`,`hfpm_program_id`,`op_id`,`create_time`,`modify_op_id`,`modify_time`,`del_flag`) values (53,'2','停用','',NULL,'2.00','','',36,'',151031375397,999,'2016-09-19 14:46:45',NULL,NULL,0);insert  into `hfmd_enum`(`hfmd_enum_id`,`hfmd_enum_value`,`hfmd_enum_text`,`hfmd_enum_desc`,`is_default`,`pri`,`ext1`,`ext2`,`hfmd_enum_class_id`,`hfmd_enum_class_code`,`hfpm_program_id`,`op_id`,`create_time`,`modify_op_id`,`modify_time`,`del_flag`) values (54,'1','永久订阅','',NULL,'1.00','','',37,'',151031375397,999,'2016-09-19 14:50:18',NULL,NULL,0);insert  into `hfmd_enum`(`hfmd_enum_id`,`hfmd_enum_value`,`hfmd_enum_text`,`hfmd_enum_desc`,`is_default`,`pri`,`ext1`,`ext2`,`hfmd_enum_class_id`,`hfmd_enum_class_code`,`hfpm_program_id`,`op_id`,`create_time`,`modify_op_id`,`modify_time`,`del_flag`) values (55,'2','临时订阅','',NULL,'2.00','','',37,'',151031375397,999,'2016-09-19 14:50:18',NULL,NULL,0);insert  into `hfmd_enum`(`hfmd_enum_id`,`hfmd_enum_value`,`hfmd_enum_text`,`hfmd_enum_desc`,`is_default`,`pri`,`ext1`,`ext2`,`hfmd_enum_class_id`,`hfmd_enum_class_code`,`hfpm_program_id`,`op_id`,`create_time`,`modify_op_id`,`modify_time`,`del_flag`) values (56,'3','重发','',NULL,'3.00','','',37,'',151031375397,999,'2016-09-19 14:50:18',NULL,NULL,0);insert  into `hfmd_enum`(`hfmd_enum_id`,`hfmd_enum_value`,`hfmd_enum_text`,`hfmd_enum_desc`,`is_default`,`pri`,`ext1`,`ext2`,`hfmd_enum_class_id`,`hfmd_enum_class_code`,`hfpm_program_id`,`op_id`,`create_time`,`modify_op_id`,`modify_time`,`del_flag`) values (57,'4','补发','',NULL,'4.00','','',37,'',151031375397,999,'2016-09-19 14:50:18',NULL,NULL,0);insert  into `hfmd_enum`(`hfmd_enum_id`,`hfmd_enum_value`,`hfmd_enum_text`,`hfmd_enum_desc`,`is_default`,`pri`,`ext1`,`ext2`,`hfmd_enum_class_id`,`hfmd_enum_class_code`,`hfpm_program_id`,`op_id`,`create_time`,`modify_op_id`,`modify_time`,`del_flag`) values (58,'5','撤销','',NULL,'5.00','','',37,'',151031375397,999,'2016-09-19 14:50:18',NULL,NULL,0);insert  into `hfmd_enum`(`hfmd_enum_id`,`hfmd_enum_value`,`hfmd_enum_text`,`hfmd_enum_desc`,`is_default`,`pri`,`ext1`,`ext2`,`hfmd_enum_class_id`,`hfmd_enum_class_code`,`hfpm_program_id`,`op_id`,`create_time`,`modify_op_id`,`modify_time`,`del_flag`) values (59,'1','取模','',NULL,'1.00','','',38,'',151031375397,999,'2016-09-19 14:53:40',NULL,NULL,0);insert  into `hfmd_enum`(`hfmd_enum_id`,`hfmd_enum_value`,`hfmd_enum_text`,`hfmd_enum_desc`,`is_default`,`pri`,`ext1`,`ext2`,`hfmd_enum_class_id`,`hfmd_enum_class_code`,`hfpm_program_id`,`op_id`,`create_time`,`modify_op_id`,`modify_time`,`del_flag`) values (60,'2','轮询','',NULL,'2.00','','',38,'',151031375397,999,'2016-09-19 14:53:40',NULL,NULL,0);insert  into `hfmd_enum`(`hfmd_enum_id`,`hfmd_enum_value`,`hfmd_enum_text`,`hfmd_enum_desc`,`is_default`,`pri`,`ext1`,`ext2`,`hfmd_enum_class_id`,`hfmd_enum_class_code`,`hfpm_program_id`,`op_id`,`create_time`,`modify_op_id`,`modify_time`,`del_flag`) values (61,'3','随机','',NULL,'3.00','','',38,'',151031375397,999,'2016-09-19 14:53:40',NULL,NULL,0);insert  into `hfmd_enum`(`hfmd_enum_id`,`hfmd_enum_value`,`hfmd_enum_text`,`hfmd_enum_desc`,`is_default`,`pri`,`ext1`,`ext2`,`hfmd_enum_class_id`,`hfmd_enum_class_code`,`hfpm_program_id`,`op_id`,`create_time`,`modify_op_id`,`modify_time`,`del_flag`) values (62,'1','未启用','',NULL,'1.00','','',39,'',151031375397,999,'2016-09-19 14:55:12',NULL,NULL,0);insert  into `hfmd_enum`(`hfmd_enum_id`,`hfmd_enum_value`,`hfmd_enum_text`,`hfmd_enum_desc`,`is_default`,`pri`,`ext1`,`ext2`,`hfmd_enum_class_id`,`hfmd_enum_class_code`,`hfpm_program_id`,`op_id`,`create_time`,`modify_op_id`,`modify_time`,`del_flag`) values (63,'2','工作中','',NULL,'2.00','','',39,'',151031375397,999,'2016-09-19 14:55:12',NULL,NULL,0);insert  into `hfmd_enum`(`hfmd_enum_id`,`hfmd_enum_value`,`hfmd_enum_text`,`hfmd_enum_desc`,`is_default`,`pri`,`ext1`,`ext2`,`hfmd_enum_class_id`,`hfmd_enum_class_code`,`hfpm_program_id`,`op_id`,`create_time`,`modify_op_id`,`modify_time`,`del_flag`) values (64,'3','已暂停','',NULL,'3.00','','',39,'',151031375397,999,'2016-09-19 14:55:12',NULL,NULL,0);insert  into `hfmd_enum`(`hfmd_enum_id`,`hfmd_enum_value`,`hfmd_enum_text`,`hfmd_enum_desc`,`is_default`,`pri`,`ext1`,`ext2`,`hfmd_enum_class_id`,`hfmd_enum_class_code`,`hfpm_program_id`,`op_id`,`create_time`,`modify_op_id`,`modify_time`,`del_flag`) values (65,'4','已取消','',NULL,'4.00','','',39,'',151031375397,999,'2016-09-19 14:55:12',NULL,NULL,0);insert  into `hfmd_enum`(`hfmd_enum_id`,`hfmd_enum_value`,`hfmd_enum_text`,`hfmd_enum_desc`,`is_default`,`pri`,`ext1`,`ext2`,`hfmd_enum_class_id`,`hfmd_enum_class_code`,`hfpm_program_id`,`op_id`,`create_time`,`modify_op_id`,`modify_time`,`del_flag`) values (66,'fds','fds','fds',1,'1.00','fds','fds',41,'',151031375370,999,'2016-09-20 13:41:45',NULL,NULL,0);insert  into `hfmd_enum`(`hfmd_enum_id`,`hfmd_enum_value`,`hfmd_enum_text`,`hfmd_enum_desc`,`is_default`,`pri`,`ext1`,`ext2`,`hfmd_enum_class_id`,`hfmd_enum_class_code`,`hfpm_program_id`,`op_id`,`create_time`,`modify_op_id`,`modify_time`,`del_flag`) values (67,'fds','fds','',NULL,'2.00','','',41,'',151031375370,999,'2016-09-20 13:41:45',NULL,NULL,0);insert  into `hfmd_enum`(`hfmd_enum_id`,`hfmd_enum_value`,`hfmd_enum_text`,`hfmd_enum_desc`,`is_default`,`pri`,`ext1`,`ext2`,`hfmd_enum_class_id`,`hfmd_enum_class_code`,`hfpm_program_id`,`op_id`,`create_time`,`modify_op_id`,`modify_time`,`del_flag`) values (68,'','','',NULL,'1.00','','',42,'',151031375396,999,'2016-09-20 19:28:16',1,'2016-09-21 11:06:22',0);insert  into `hfmd_enum`(`hfmd_enum_id`,`hfmd_enum_value`,`hfmd_enum_text`,`hfmd_enum_desc`,`is_default`,`pri`,`ext1`,`ext2`,`hfmd_enum_class_id`,`hfmd_enum_class_code`,`hfpm_program_id`,`op_id`,`create_time`,`modify_op_id`,`modify_time`,`del_flag`) values (69,'2','tre','',NULL,'1.00','','',43,'',151031375396,1,'2016-09-21 11:47:27',NULL,NULL,0);insert  into `hfmd_enum`(`hfmd_enum_id`,`hfmd_enum_value`,`hfmd_enum_text`,`hfmd_enum_desc`,`is_default`,`pri`,`ext1`,`ext2`,`hfmd_enum_class_id`,`hfmd_enum_class_code`,`hfpm_program_id`,`op_id`,`create_time`,`modify_op_id`,`modify_time`,`del_flag`) values (70,'1','实体组织','',1,'1.00','','',66,'',NULL,1,'2016-11-08 10:25:30',1,NULL,0);insert  into `hfmd_enum`(`hfmd_enum_id`,`hfmd_enum_value`,`hfmd_enum_text`,`hfmd_enum_desc`,`is_default`,`pri`,`ext1`,`ext2`,`hfmd_enum_class_id`,`hfmd_enum_class_code`,`hfpm_program_id`,`op_id`,`create_time`,`modify_op_id`,`modify_time`,`del_flag`) values (71,'2','虚拟组织','',0,'2.00','','',66,'',NULL,1,'2016-11-08 10:25:30',1,NULL,0);insert  into `hfmd_enum`(`hfmd_enum_id`,`hfmd_enum_value`,`hfmd_enum_text`,`hfmd_enum_desc`,`is_default`,`pri`,`ext1`,`ext2`,`hfmd_enum_class_id`,`hfmd_enum_class_code`,`hfpm_program_id`,`op_id`,`create_time`,`modify_op_id`,`modify_time`,`del_flag`) values (72,'1','集团','',NULL,'1.00','','',67,'',NULL,1,'2016-11-08 10:27:09',1,NULL,0);insert  into `hfmd_enum`(`hfmd_enum_id`,`hfmd_enum_value`,`hfmd_enum_text`,`hfmd_enum_desc`,`is_default`,`pri`,`ext1`,`ext2`,`hfmd_enum_class_id`,`hfmd_enum_class_code`,`hfpm_program_id`,`op_id`,`create_time`,`modify_op_id`,`modify_time`,`del_flag`) values (73,'2','分公司','',NULL,'2.00','','',67,'',NULL,1,'2016-11-08 10:27:09',1,NULL,0);insert  into `hfmd_enum`(`hfmd_enum_id`,`hfmd_enum_value`,`hfmd_enum_text`,`hfmd_enum_desc`,`is_default`,`pri`,`ext1`,`ext2`,`hfmd_enum_class_id`,`hfmd_enum_class_code`,`hfpm_program_id`,`op_id`,`create_time`,`modify_op_id`,`modify_time`,`del_flag`) values (74,'3','事业部','',NULL,'3.00','','',67,'',NULL,1,'2016-11-08 10:27:09',1,NULL,0);insert  into `hfmd_enum`(`hfmd_enum_id`,`hfmd_enum_value`,`hfmd_enum_text`,`hfmd_enum_desc`,`is_default`,`pri`,`ext1`,`ext2`,`hfmd_enum_class_id`,`hfmd_enum_class_code`,`hfpm_program_id`,`op_id`,`create_time`,`modify_op_id`,`modify_time`,`del_flag`) values (75,'4','部门','',NULL,'4.00','','',67,'',NULL,1,'2016-11-08 10:27:09',1,NULL,0);insert  into `hfmd_enum`(`hfmd_enum_id`,`hfmd_enum_value`,`hfmd_enum_text`,`hfmd_enum_desc`,`is_default`,`pri`,`ext1`,`ext2`,`hfmd_enum_class_id`,`hfmd_enum_class_code`,`hfpm_program_id`,`op_id`,`create_time`,`modify_op_id`,`modify_time`,`del_flag`) values (76,'5','小组','',NULL,'5.00','','',67,'',NULL,1,'2016-11-08 10:27:09',1,NULL,0);insert  into `hfmd_enum`(`hfmd_enum_id`,`hfmd_enum_value`,`hfmd_enum_text`,`hfmd_enum_desc`,`is_default`,`pri`,`ext1`,`ext2`,`hfmd_enum_class_id`,`hfmd_enum_class_code`,`hfpm_program_id`,`op_id`,`create_time`,`modify_op_id`,`modify_time`,`del_flag`) values (77,'1','启用','',1,'1.00','','',68,'',NULL,1,'2016-11-08 10:27:31',1,NULL,0);insert  into `hfmd_enum`(`hfmd_enum_id`,`hfmd_enum_value`,`hfmd_enum_text`,`hfmd_enum_desc`,`is_default`,`pri`,`ext1`,`ext2`,`hfmd_enum_class_id`,`hfmd_enum_class_code`,`hfpm_program_id`,`op_id`,`create_time`,`modify_op_id`,`modify_time`,`del_flag`) values (78,'2','停用','',0,'2.00','','',68,'',NULL,1,'2016-11-08 10:27:31',1,NULL,0);insert  into `hfmd_enum`(`hfmd_enum_id`,`hfmd_enum_value`,`hfmd_enum_text`,`hfmd_enum_desc`,`is_default`,`pri`,`ext1`,`ext2`,`hfmd_enum_class_id`,`hfmd_enum_class_code`,`hfpm_program_id`,`op_id`,`create_time`,`modify_op_id`,`modify_time`,`del_flag`) values (79,'1','启用','',NULL,'1.00','','',62,'',NULL,1,'2016-11-17 17:04:22',1,NULL,0);insert  into `hfmd_enum`(`hfmd_enum_id`,`hfmd_enum_value`,`hfmd_enum_text`,`hfmd_enum_desc`,`is_default`,`pri`,`ext1`,`ext2`,`hfmd_enum_class_id`,`hfmd_enum_class_code`,`hfpm_program_id`,`op_id`,`create_time`,`modify_op_id`,`modify_time`,`del_flag`) values (80,'0','停用','',NULL,'2.00','','',62,'',NULL,1,'2016-11-17 17:04:22',1,NULL,0);insert  into `hfmd_enum`(`hfmd_enum_id`,`hfmd_enum_value`,`hfmd_enum_text`,`hfmd_enum_desc`,`is_default`,`pri`,`ext1`,`ext2`,`hfmd_enum_class_id`,`hfmd_enum_class_code`,`hfpm_program_id`,`op_id`,`create_time`,`modify_op_id`,`modify_time`,`del_flag`) values (81,'1','操作角色','',NULL,'1.00','','',63,'',NULL,1,'2016-11-17 17:05:44',1,NULL,0);insert  into `hfmd_enum`(`hfmd_enum_id`,`hfmd_enum_value`,`hfmd_enum_text`,`hfmd_enum_desc`,`is_default`,`pri`,`ext1`,`ext2`,`hfmd_enum_class_id`,`hfmd_enum_class_code`,`hfpm_program_id`,`op_id`,`create_time`,`modify_op_id`,`modify_time`,`del_flag`) values (82,'2','查看角色','',NULL,'2.00','','',63,'',NULL,1,'2016-11-17 17:05:44',1,NULL,0);insert  into `hfmd_enum`(`hfmd_enum_id`,`hfmd_enum_value`,`hfmd_enum_text`,`hfmd_enum_desc`,`is_default`,`pri`,`ext1`,`ext2`,`hfmd_enum_class_id`,`hfmd_enum_class_code`,`hfpm_program_id`,`op_id`,`create_time`,`modify_op_id`,`modify_time`,`del_flag`) values (83,'3','管理角色','',NULL,'3.00','','',63,'',NULL,1,'2016-11-17 17:05:44',1,NULL,0);insert  into `hfmd_enum`(`hfmd_enum_id`,`hfmd_enum_value`,`hfmd_enum_text`,`hfmd_enum_desc`,`is_default`,`pri`,`ext1`,`ext2`,`hfmd_enum_class_id`,`hfmd_enum_class_code`,`hfpm_program_id`,`op_id`,`create_time`,`modify_op_id`,`modify_time`,`del_flag`) values (84,'1','启用','',NULL,'1.00','','',65,'',NULL,1,'2016-11-17 17:07:47',1,'2017-02-09 17:24:27',0);insert  into `hfmd_enum`(`hfmd_enum_id`,`hfmd_enum_value`,`hfmd_enum_text`,`hfmd_enum_desc`,`is_default`,`pri`,`ext1`,`ext2`,`hfmd_enum_class_id`,`hfmd_enum_class_code`,`hfpm_program_id`,`op_id`,`create_time`,`modify_op_id`,`modify_time`,`del_flag`) values (85,'0','停用','',NULL,'2.00','','',65,'',NULL,1,'2016-11-17 17:07:47',1,'2017-02-09 17:24:27',0);insert  into `hfmd_enum`(`hfmd_enum_id`,`hfmd_enum_value`,`hfmd_enum_text`,`hfmd_enum_desc`,`is_default`,`pri`,`ext1`,`ext2`,`hfmd_enum_class_id`,`hfmd_enum_class_code`,`hfpm_program_id`,`op_id`,`create_time`,`modify_op_id`,`modify_time`,`del_flag`) values (86,'1','菜单授权','',NULL,'1.00','','',69,'',NULL,1,'2016-11-17 17:13:13',1,NULL,0);insert  into `hfmd_enum`(`hfmd_enum_id`,`hfmd_enum_value`,`hfmd_enum_text`,`hfmd_enum_desc`,`is_default`,`pri`,`ext1`,`ext2`,`hfmd_enum_class_id`,`hfmd_enum_class_code`,`hfpm_program_id`,`op_id`,`create_time`,`modify_op_id`,`modify_time`,`del_flag`) values (87,'2','操作授权','',NULL,'2.00','','',69,'',NULL,1,'2016-11-17 17:13:13',1,NULL,0);insert  into `hfmd_enum`(`hfmd_enum_id`,`hfmd_enum_value`,`hfmd_enum_text`,`hfmd_enum_desc`,`is_default`,`pri`,`ext1`,`ext2`,`hfmd_enum_class_id`,`hfmd_enum_class_code`,`hfpm_program_id`,`op_id`,`create_time`,`modify_op_id`,`modify_time`,`del_flag`) values (88,'1','男','',NULL,'1.00','','',3,'',NULL,1,'2016-11-18 10:53:47',1,NULL,0);insert  into `hfmd_enum`(`hfmd_enum_id`,`hfmd_enum_value`,`hfmd_enum_text`,`hfmd_enum_desc`,`is_default`,`pri`,`ext1`,`ext2`,`hfmd_enum_class_id`,`hfmd_enum_class_code`,`hfpm_program_id`,`op_id`,`create_time`,`modify_op_id`,`modify_time`,`del_flag`) values (89,'2','女','',NULL,'2.00','','',3,'',NULL,1,'2016-11-18 10:53:47',1,NULL,0);insert  into `hfmd_enum`(`hfmd_enum_id`,`hfmd_enum_value`,`hfmd_enum_text`,`hfmd_enum_desc`,`is_default`,`pri`,`ext1`,`ext2`,`hfmd_enum_class_id`,`hfmd_enum_class_code`,`hfpm_program_id`,`op_id`,`create_time`,`modify_op_id`,`modify_time`,`del_flag`) values (90,'3','未知','',NULL,'3.00','','',3,'',NULL,1,'2016-11-18 10:53:47',1,NULL,0);insert  into `hfmd_enum`(`hfmd_enum_id`,`hfmd_enum_value`,`hfmd_enum_text`,`hfmd_enum_desc`,`is_default`,`pri`,`ext1`,`ext2`,`hfmd_enum_class_id`,`hfmd_enum_class_code`,`hfpm_program_id`,`op_id`,`create_time`,`modify_op_id`,`modify_time`,`del_flag`) values (91,'1','正常','',NULL,'1.00','','',64,'',NULL,1,'2016-11-18 15:48:53',1,NULL,0);insert  into `hfmd_enum`(`hfmd_enum_id`,`hfmd_enum_value`,`hfmd_enum_text`,`hfmd_enum_desc`,`is_default`,`pri`,`ext1`,`ext2`,`hfmd_enum_class_id`,`hfmd_enum_class_code`,`hfpm_program_id`,`op_id`,`create_time`,`modify_op_id`,`modify_time`,`del_flag`) values (92,'2','停用','',NULL,'2.00','','',64,'',NULL,1,'2016-11-18 15:48:53',1,NULL,0);insert  into `hfmd_enum`(`hfmd_enum_id`,`hfmd_enum_value`,`hfmd_enum_text`,`hfmd_enum_desc`,`is_default`,`pri`,`ext1`,`ext2`,`hfmd_enum_class_id`,`hfmd_enum_class_code`,`hfpm_program_id`,`op_id`,`create_time`,`modify_op_id`,`modify_time`,`del_flag`) values (93,'1','系统权限实体【1】','',NULL,'1.00','','',70,'',151031375370,1,'2016-11-25 18:37:51',1,NULL,0);insert  into `hfmd_enum`(`hfmd_enum_id`,`hfmd_enum_value`,`hfmd_enum_text`,`hfmd_enum_desc`,`is_default`,`pri`,`ext1`,`ext2`,`hfmd_enum_class_id`,`hfmd_enum_class_code`,`hfpm_program_id`,`op_id`,`create_time`,`modify_op_id`,`modify_time`,`del_flag`) values (94,'2','系统权限实体【2】','',NULL,'2.00','','',70,'',151031375370,1,'2016-11-25 18:37:51',1,NULL,0);insert  into `hfmd_enum`(`hfmd_enum_id`,`hfmd_enum_value`,`hfmd_enum_text`,`hfmd_enum_desc`,`is_default`,`pri`,`ext1`,`ext2`,`hfmd_enum_class_id`,`hfmd_enum_class_code`,`hfpm_program_id`,`op_id`,`create_time`,`modify_op_id`,`modify_time`,`del_flag`) values (95,'3','系统字典实体【1】','',NULL,'3.00','','',70,'',151031375370,1,'2016-11-25 18:37:51',1,NULL,0);insert  into `hfmd_enum`(`hfmd_enum_id`,`hfmd_enum_value`,`hfmd_enum_text`,`hfmd_enum_desc`,`is_default`,`pri`,`ext1`,`ext2`,`hfmd_enum_class_id`,`hfmd_enum_class_code`,`hfpm_program_id`,`op_id`,`create_time`,`modify_op_id`,`modify_time`,`del_flag`) values (96,'4','系统字典实体【2】','',NULL,'4.00','','',70,'',151031375370,1,'2016-11-25 18:37:51',1,NULL,0);insert  into `hfmd_enum`(`hfmd_enum_id`,`hfmd_enum_value`,`hfmd_enum_text`,`hfmd_enum_desc`,`is_default`,`pri`,`ext1`,`ext2`,`hfmd_enum_class_id`,`hfmd_enum_class_code`,`hfpm_program_id`,`op_id`,`create_time`,`modify_op_id`,`modify_time`,`del_flag`) values (97,'1','系统用户实体','',NULL,'1.00','','',71,'',151031375370,1,'2016-11-25 18:39:49',1,NULL,0);insert  into `hfmd_enum`(`hfmd_enum_id`,`hfmd_enum_value`,`hfmd_enum_text`,`hfmd_enum_desc`,`is_default`,`pri`,`ext1`,`ext2`,`hfmd_enum_class_id`,`hfmd_enum_class_code`,`hfpm_program_id`,`op_id`,`create_time`,`modify_op_id`,`modify_time`,`del_flag`) values (98,'2','数据权限实体','',NULL,'2.00','','',71,'',151031375370,1,'2016-11-25 18:39:49',1,NULL,0);insert  into `hfmd_enum`(`hfmd_enum_id`,`hfmd_enum_value`,`hfmd_enum_text`,`hfmd_enum_desc`,`is_default`,`pri`,`ext1`,`ext2`,`hfmd_enum_class_id`,`hfmd_enum_class_code`,`hfpm_program_id`,`op_id`,`create_time`,`modify_op_id`,`modify_time`,`del_flag`) values (99,'3','功能权限实体','',NULL,'3.00','','',71,'',151031375370,1,'2016-11-25 18:39:49',1,NULL,0);insert  into `hfmd_enum`(`hfmd_enum_id`,`hfmd_enum_value`,`hfmd_enum_text`,`hfmd_enum_desc`,`is_default`,`pri`,`ext1`,`ext2`,`hfmd_enum_class_id`,`hfmd_enum_class_code`,`hfpm_program_id`,`op_id`,`create_time`,`modify_op_id`,`modify_time`,`del_flag`) values (100,'4','用户授权载体','',NULL,'4.00','','',71,'',151031375370,1,'2016-11-25 18:39:49',1,NULL,0);insert  into `hfmd_enum`(`hfmd_enum_id`,`hfmd_enum_value`,`hfmd_enum_text`,`hfmd_enum_desc`,`is_default`,`pri`,`ext1`,`ext2`,`hfmd_enum_class_id`,`hfmd_enum_class_code`,`hfpm_program_id`,`op_id`,`create_time`,`modify_op_id`,`modify_time`,`del_flag`) values (101,'5','功能授权载体','',NULL,'5.00','','',71,'',151031375370,1,'2016-11-25 18:39:49',1,NULL,0);insert  into `hfmd_enum`(`hfmd_enum_id`,`hfmd_enum_value`,`hfmd_enum_text`,`hfmd_enum_desc`,`is_default`,`pri`,`ext1`,`ext2`,`hfmd_enum_class_id`,`hfmd_enum_class_code`,`hfpm_program_id`,`op_id`,`create_time`,`modify_op_id`,`modify_time`,`del_flag`) values (102,'0','手工录入','',NULL,'1.00','','',72,'',151031375370,1,'2017-01-09 13:21:31',NULL,NULL,0);insert  into `hfmd_enum`(`hfmd_enum_id`,`hfmd_enum_value`,`hfmd_enum_text`,`hfmd_enum_desc`,`is_default`,`pri`,`ext1`,`ext2`,`hfmd_enum_class_id`,`hfmd_enum_class_code`,`hfpm_program_id`,`op_id`,`create_time`,`modify_op_id`,`modify_time`,`del_flag`) values (103,'2','自动生成','',NULL,'2.00','','',72,'',151031375370,1,'2017-01-09 13:21:31',1,NULL,0);insert  into `hfmd_enum`(`hfmd_enum_id`,`hfmd_enum_value`,`hfmd_enum_text`,`hfmd_enum_desc`,`is_default`,`pri`,`ext1`,`ext2`,`hfmd_enum_class_id`,`hfmd_enum_class_code`,`hfpm_program_id`,`op_id`,`create_time`,`modify_op_id`,`modify_time`,`del_flag`) values (104,'3','规则触发','',NULL,'3.00','','',72,'',151031375370,1,'2017-01-09 13:21:31',1,NULL,0);insert  into `hfmd_enum`(`hfmd_enum_id`,`hfmd_enum_value`,`hfmd_enum_text`,`hfmd_enum_desc`,`is_default`,`pri`,`ext1`,`ext2`,`hfmd_enum_class_id`,`hfmd_enum_class_code`,`hfpm_program_id`,`op_id`,`create_time`,`modify_op_id`,`modify_time`,`del_flag`) values (105,'4','流转节点','',NULL,'4.00','','',72,'',151031375370,1,'2017-01-09 13:21:31',1,NULL,0);insert  into `hfmd_enum`(`hfmd_enum_id`,`hfmd_enum_value`,`hfmd_enum_text`,`hfmd_enum_desc`,`is_default`,`pri`,`ext1`,`ext2`,`hfmd_enum_class_id`,`hfmd_enum_class_code`,`hfpm_program_id`,`op_id`,`create_time`,`modify_op_id`,`modify_time`,`del_flag`) values (106,'2','编辑','',NULL,'1.00','','',73,'',151031375370,1,'2017-01-09 13:38:58',NULL,NULL,0);insert  into `hfmd_enum`(`hfmd_enum_id`,`hfmd_enum_value`,`hfmd_enum_text`,`hfmd_enum_desc`,`is_default`,`pri`,`ext1`,`ext2`,`hfmd_enum_class_id`,`hfmd_enum_class_code`,`hfpm_program_id`,`op_id`,`create_time`,`modify_op_id`,`modify_time`,`del_flag`) values (107,'1','查看','',NULL,'2.00','','',73,'',151031375370,1,'2017-01-09 13:38:58',NULL,NULL,0);insert  into `hfmd_enum`(`hfmd_enum_id`,`hfmd_enum_value`,`hfmd_enum_text`,`hfmd_enum_desc`,`is_default`,`pri`,`ext1`,`ext2`,`hfmd_enum_class_id`,`hfmd_enum_class_code`,`hfpm_program_id`,`op_id`,`create_time`,`modify_op_id`,`modify_time`,`del_flag`) values (108,'0','无','',NULL,'3.00','','',73,'',151031375370,1,'2017-01-09 13:38:58',NULL,NULL,0);insert  into `hfmd_enum`(`hfmd_enum_id`,`hfmd_enum_value`,`hfmd_enum_text`,`hfmd_enum_desc`,`is_default`,`pri`,`ext1`,`ext2`,`hfmd_enum_class_id`,`hfmd_enum_class_code`,`hfpm_program_id`,`op_id`,`create_time`,`modify_op_id`,`modify_time`,`del_flag`) values (109,'1','有','',NULL,'1.00','','',74,'',NULL,1,'2017-01-09 13:54:19',1,'2017-01-09 14:40:57',0);insert  into `hfmd_enum`(`hfmd_enum_id`,`hfmd_enum_value`,`hfmd_enum_text`,`hfmd_enum_desc`,`is_default`,`pri`,`ext1`,`ext2`,`hfmd_enum_class_id`,`hfmd_enum_class_code`,`hfpm_program_id`,`op_id`,`create_time`,`modify_op_id`,`modify_time`,`del_flag`) values (110,'0','无','',NULL,'2.00','','',74,'',NULL,1,'2017-01-09 13:54:19',1,'2017-01-09 14:40:57',0);insert  into `hfmd_enum`(`hfmd_enum_id`,`hfmd_enum_value`,`hfmd_enum_text`,`hfmd_enum_desc`,`is_default`,`pri`,`ext1`,`ext2`,`hfmd_enum_class_id`,`hfmd_enum_class_code`,`hfpm_program_id`,`op_id`,`create_time`,`modify_op_id`,`modify_time`,`del_flag`) values (111,'0','否','',NULL,'1.00','','',77,'',NULL,1,'2017-03-13 16:54:16',NULL,NULL,0);insert  into `hfmd_enum`(`hfmd_enum_id`,`hfmd_enum_value`,`hfmd_enum_text`,`hfmd_enum_desc`,`is_default`,`pri`,`ext1`,`ext2`,`hfmd_enum_class_id`,`hfmd_enum_class_code`,`hfpm_program_id`,`op_id`,`create_time`,`modify_op_id`,`modify_time`,`del_flag`) values (112,'1','是','',NULL,'2.00','','',77,'',NULL,1,'2017-03-13 16:54:16',NULL,NULL,0);insert  into `hfmd_enum`(`hfmd_enum_id`,`hfmd_enum_value`,`hfmd_enum_text`,`hfmd_enum_desc`,`is_default`,`pri`,`ext1`,`ext2`,`hfmd_enum_class_id`,`hfmd_enum_class_code`,`hfpm_program_id`,`op_id`,`create_time`,`modify_op_id`,`modify_time`,`del_flag`) values (113,'0','停用','',NULL,'1.00','','',78,'',NULL,1,'2017-03-13 16:57:20',NULL,NULL,0);insert  into `hfmd_enum`(`hfmd_enum_id`,`hfmd_enum_value`,`hfmd_enum_text`,`hfmd_enum_desc`,`is_default`,`pri`,`ext1`,`ext2`,`hfmd_enum_class_id`,`hfmd_enum_class_code`,`hfpm_program_id`,`op_id`,`create_time`,`modify_op_id`,`modify_time`,`del_flag`) values (114,'1','正常','',NULL,'2.00','','',78,'',NULL,1,'2017-03-13 16:57:20',NULL,NULL,0);insert  into `hfmd_enum`(`hfmd_enum_id`,`hfmd_enum_value`,`hfmd_enum_text`,`hfmd_enum_desc`,`is_default`,`pri`,`ext1`,`ext2`,`hfmd_enum_class_id`,`hfmd_enum_class_code`,`hfpm_program_id`,`op_id`,`create_time`,`modify_op_id`,`modify_time`,`del_flag`) values (115,'1','正常','',NULL,'1.00','','',75,'',151031375397,1,'2017-03-13 17:00:39',NULL,NULL,0);insert  into `hfmd_enum`(`hfmd_enum_id`,`hfmd_enum_value`,`hfmd_enum_text`,`hfmd_enum_desc`,`is_default`,`pri`,`ext1`,`ext2`,`hfmd_enum_class_id`,`hfmd_enum_class_code`,`hfpm_program_id`,`op_id`,`create_time`,`modify_op_id`,`modify_time`,`del_flag`) values (116,'2','停用','',NULL,'2.00','','',75,'',151031375397,1,'2017-03-13 17:00:39',1,NULL,0);insert  into `hfmd_enum`(`hfmd_enum_id`,`hfmd_enum_value`,`hfmd_enum_text`,`hfmd_enum_desc`,`is_default`,`pri`,`ext1`,`ext2`,`hfmd_enum_class_id`,`hfmd_enum_class_code`,`hfpm_program_id`,`op_id`,`create_time`,`modify_op_id`,`modify_time`,`del_flag`) values (117,'1','启用','',NULL,'1.00','','',88,'',NULL,1,'2017-06-22 10:47:12',NULL,NULL,0);insert  into `hfmd_enum`(`hfmd_enum_id`,`hfmd_enum_value`,`hfmd_enum_text`,`hfmd_enum_desc`,`is_default`,`pri`,`ext1`,`ext2`,`hfmd_enum_class_id`,`hfmd_enum_class_code`,`hfpm_program_id`,`op_id`,`create_time`,`modify_op_id`,`modify_time`,`del_flag`) values (118,'0','停用','',NULL,'2.00','','',88,'',NULL,1,'2017-06-22 10:47:12',NULL,NULL,0);insert  into `hfmd_enum`(`hfmd_enum_id`,`hfmd_enum_value`,`hfmd_enum_text`,`hfmd_enum_desc`,`is_default`,`pri`,`ext1`,`ext2`,`hfmd_enum_class_id`,`hfmd_enum_class_code`,`hfpm_program_id`,`op_id`,`create_time`,`modify_op_id`,`modify_time`,`del_flag`) values (119,'1','启用','',NULL,'1.00','','',87,'',NULL,1,'2017-06-22 10:48:07',NULL,NULL,0);insert  into `hfmd_enum`(`hfmd_enum_id`,`hfmd_enum_value`,`hfmd_enum_text`,`hfmd_enum_desc`,`is_default`,`pri`,`ext1`,`ext2`,`hfmd_enum_class_id`,`hfmd_enum_class_code`,`hfpm_program_id`,`op_id`,`create_time`,`modify_op_id`,`modify_time`,`del_flag`) values (120,'0','停用','',NULL,'2.00','','',87,'',NULL,1,'2017-06-22 10:48:07',1,NULL,0);insert  into `hfmd_enum`(`hfmd_enum_id`,`hfmd_enum_value`,`hfmd_enum_text`,`hfmd_enum_desc`,`is_default`,`pri`,`ext1`,`ext2`,`hfmd_enum_class_id`,`hfmd_enum_class_code`,`hfpm_program_id`,`op_id`,`create_time`,`modify_op_id`,`modify_time`,`del_flag`) values (121,'1','一级','',NULL,'1.00','','',86,'',NULL,1,'2017-06-22 10:49:01',NULL,NULL,0);insert  into `hfmd_enum`(`hfmd_enum_id`,`hfmd_enum_value`,`hfmd_enum_text`,`hfmd_enum_desc`,`is_default`,`pri`,`ext1`,`ext2`,`hfmd_enum_class_id`,`hfmd_enum_class_code`,`hfpm_program_id`,`op_id`,`create_time`,`modify_op_id`,`modify_time`,`del_flag`) values (122,'2','二级','',NULL,'2.00','','',86,'',NULL,1,'2017-06-22 10:49:01',1,NULL,0);insert  into `hfmd_enum`(`hfmd_enum_id`,`hfmd_enum_value`,`hfmd_enum_text`,`hfmd_enum_desc`,`is_default`,`pri`,`ext1`,`ext2`,`hfmd_enum_class_id`,`hfmd_enum_class_code`,`hfpm_program_id`,`op_id`,`create_time`,`modify_op_id`,`modify_time`,`del_flag`) values (123,'3','三级','',NULL,'3.00','','',86,'',NULL,1,'2017-06-22 10:49:01',1,NULL,0);insert  into `hfmd_enum`(`hfmd_enum_id`,`hfmd_enum_value`,`hfmd_enum_text`,`hfmd_enum_desc`,`is_default`,`pri`,`ext1`,`ext2`,`hfmd_enum_class_id`,`hfmd_enum_class_code`,`hfpm_program_id`,`op_id`,`create_time`,`modify_op_id`,`modify_time`,`del_flag`) values (124,'1','操作角色','',NULL,'1.00','','',85,'',NULL,1,'2017-06-22 10:49:56',NULL,NULL,0);insert  into `hfmd_enum`(`hfmd_enum_id`,`hfmd_enum_value`,`hfmd_enum_text`,`hfmd_enum_desc`,`is_default`,`pri`,`ext1`,`ext2`,`hfmd_enum_class_id`,`hfmd_enum_class_code`,`hfpm_program_id`,`op_id`,`create_time`,`modify_op_id`,`modify_time`,`del_flag`) values (125,'2','查看角色','',NULL,'2.00','','',85,'',NULL,1,'2017-06-22 10:49:56',1,NULL,0);insert  into `hfmd_enum`(`hfmd_enum_id`,`hfmd_enum_value`,`hfmd_enum_text`,`hfmd_enum_desc`,`is_default`,`pri`,`ext1`,`ext2`,`hfmd_enum_class_id`,`hfmd_enum_class_code`,`hfpm_program_id`,`op_id`,`create_time`,`modify_op_id`,`modify_time`,`del_flag`) values (126,'3','管理角色','',NULL,'3.00','','',85,'',NULL,1,'2017-06-22 10:49:56',1,NULL,0);insert  into `hfmd_enum`(`hfmd_enum_id`,`hfmd_enum_value`,`hfmd_enum_text`,`hfmd_enum_desc`,`is_default`,`pri`,`ext1`,`ext2`,`hfmd_enum_class_id`,`hfmd_enum_class_code`,`hfpm_program_id`,`op_id`,`create_time`,`modify_op_id`,`modify_time`,`del_flag`) values (127,'1','启用','',NULL,'1.00','','',84,'',NULL,1,'2017-06-22 10:50:34',NULL,NULL,0);insert  into `hfmd_enum`(`hfmd_enum_id`,`hfmd_enum_value`,`hfmd_enum_text`,`hfmd_enum_desc`,`is_default`,`pri`,`ext1`,`ext2`,`hfmd_enum_class_id`,`hfmd_enum_class_code`,`hfpm_program_id`,`op_id`,`create_time`,`modify_op_id`,`modify_time`,`del_flag`) values (128,'0','停用','',NULL,'2.00','','',84,'',NULL,1,'2017-06-22 10:50:34',1,NULL,0);insert  into `hfmd_enum`(`hfmd_enum_id`,`hfmd_enum_value`,`hfmd_enum_text`,`hfmd_enum_desc`,`is_default`,`pri`,`ext1`,`ext2`,`hfmd_enum_class_id`,`hfmd_enum_class_code`,`hfpm_program_id`,`op_id`,`create_time`,`modify_op_id`,`modify_time`,`del_flag`) values (129,'1','集团','',NULL,'1.00','','',83,'',NULL,1,'2017-06-22 10:52:01',NULL,NULL,0);insert  into `hfmd_enum`(`hfmd_enum_id`,`hfmd_enum_value`,`hfmd_enum_text`,`hfmd_enum_desc`,`is_default`,`pri`,`ext1`,`ext2`,`hfmd_enum_class_id`,`hfmd_enum_class_code`,`hfpm_program_id`,`op_id`,`create_time`,`modify_op_id`,`modify_time`,`del_flag`) values (130,'2','分公司','',NULL,'2.00','','',83,'',NULL,1,'2017-06-22 10:52:01',1,NULL,0);insert  into `hfmd_enum`(`hfmd_enum_id`,`hfmd_enum_value`,`hfmd_enum_text`,`hfmd_enum_desc`,`is_default`,`pri`,`ext1`,`ext2`,`hfmd_enum_class_id`,`hfmd_enum_class_code`,`hfpm_program_id`,`op_id`,`create_time`,`modify_op_id`,`modify_time`,`del_flag`) values (131,'3','事业部','',NULL,'3.00','','',83,'',NULL,1,'2017-06-22 10:52:01',1,NULL,0);insert  into `hfmd_enum`(`hfmd_enum_id`,`hfmd_enum_value`,`hfmd_enum_text`,`hfmd_enum_desc`,`is_default`,`pri`,`ext1`,`ext2`,`hfmd_enum_class_id`,`hfmd_enum_class_code`,`hfpm_program_id`,`op_id`,`create_time`,`modify_op_id`,`modify_time`,`del_flag`) values (132,'4','部门','',NULL,'4.00','','',83,'',NULL,1,'2017-06-22 10:52:01',1,NULL,0);insert  into `hfmd_enum`(`hfmd_enum_id`,`hfmd_enum_value`,`hfmd_enum_text`,`hfmd_enum_desc`,`is_default`,`pri`,`ext1`,`ext2`,`hfmd_enum_class_id`,`hfmd_enum_class_code`,`hfpm_program_id`,`op_id`,`create_time`,`modify_op_id`,`modify_time`,`del_flag`) values (133,'5','小组','',NULL,'5.00','','',83,'',NULL,1,'2017-06-22 10:52:01',1,NULL,0);insert  into `hfmd_enum`(`hfmd_enum_id`,`hfmd_enum_value`,`hfmd_enum_text`,`hfmd_enum_desc`,`is_default`,`pri`,`ext1`,`ext2`,`hfmd_enum_class_id`,`hfmd_enum_class_code`,`hfpm_program_id`,`op_id`,`create_time`,`modify_op_id`,`modify_time`,`del_flag`) values (134,'1','实体组织','',NULL,'1.00','','',82,'',NULL,1,'2017-06-22 10:52:53',NULL,NULL,0);insert  into `hfmd_enum`(`hfmd_enum_id`,`hfmd_enum_value`,`hfmd_enum_text`,`hfmd_enum_desc`,`is_default`,`pri`,`ext1`,`ext2`,`hfmd_enum_class_id`,`hfmd_enum_class_code`,`hfpm_program_id`,`op_id`,`create_time`,`modify_op_id`,`modify_time`,`del_flag`) values (135,'2','虚拟组织','',NULL,'2.00','','',82,'',NULL,1,'2017-06-22 10:52:53',1,NULL,0);insert  into `hfmd_enum`(`hfmd_enum_id`,`hfmd_enum_value`,`hfmd_enum_text`,`hfmd_enum_desc`,`is_default`,`pri`,`ext1`,`ext2`,`hfmd_enum_class_id`,`hfmd_enum_class_code`,`hfpm_program_id`,`op_id`,`create_time`,`modify_op_id`,`modify_time`,`del_flag`) values (136,'1','启用','',NULL,'1.00','','',81,'',NULL,1,'2017-06-22 10:54:19',NULL,NULL,0);insert  into `hfmd_enum`(`hfmd_enum_id`,`hfmd_enum_value`,`hfmd_enum_text`,`hfmd_enum_desc`,`is_default`,`pri`,`ext1`,`ext2`,`hfmd_enum_class_id`,`hfmd_enum_class_code`,`hfpm_program_id`,`op_id`,`create_time`,`modify_op_id`,`modify_time`,`del_flag`) values (137,'0','停用','',NULL,'2.00','','',81,'',NULL,1,'2017-06-22 10:54:19',1,NULL,0);insert  into `hfmd_enum`(`hfmd_enum_id`,`hfmd_enum_value`,`hfmd_enum_text`,`hfmd_enum_desc`,`is_default`,`pri`,`ext1`,`ext2`,`hfmd_enum_class_id`,`hfmd_enum_class_code`,`hfpm_program_id`,`op_id`,`create_time`,`modify_op_id`,`modify_time`,`del_flag`) values (138,'1','启用','',NULL,'1.00','','',80,'',NULL,1,'2017-06-22 10:54:51',NULL,NULL,0);insert  into `hfmd_enum`(`hfmd_enum_id`,`hfmd_enum_value`,`hfmd_enum_text`,`hfmd_enum_desc`,`is_default`,`pri`,`ext1`,`ext2`,`hfmd_enum_class_id`,`hfmd_enum_class_code`,`hfpm_program_id`,`op_id`,`create_time`,`modify_op_id`,`modify_time`,`del_flag`) values (139,'0','停用','',NULL,'2.00','','',80,'',NULL,1,'2017-06-22 10:54:51',1,NULL,0);insert  into `hfmd_enum`(`hfmd_enum_id`,`hfmd_enum_value`,`hfmd_enum_text`,`hfmd_enum_desc`,`is_default`,`pri`,`ext1`,`ext2`,`hfmd_enum_class_id`,`hfmd_enum_class_code`,`hfpm_program_id`,`op_id`,`create_time`,`modify_op_id`,`modify_time`,`del_flag`) values (140,'1','男','',NULL,'1.00','','',79,'',NULL,1,'2017-06-22 10:55:14',NULL,NULL,0);insert  into `hfmd_enum`(`hfmd_enum_id`,`hfmd_enum_value`,`hfmd_enum_text`,`hfmd_enum_desc`,`is_default`,`pri`,`ext1`,`ext2`,`hfmd_enum_class_id`,`hfmd_enum_class_code`,`hfpm_program_id`,`op_id`,`create_time`,`modify_op_id`,`modify_time`,`del_flag`) values (141,'2','女','',NULL,'2.00','','',79,'',NULL,1,'2017-06-22 10:55:14',1,NULL,0);/*Data for the table `hfmd_enum_class` */insert  into `hfmd_enum_class`(`hfmd_enum_class_id`,`hfmd_enum_class_name`,`hfmd_enum_class_code`,`hfmd_enum_class_desc`,`ext1`,`ext2`,`hfpm_program_id`,`op_id`,`create_time`,`modify_op_id`,`modify_time`,`del_flag`) values (1,'布尔','DEFAULT.BOOLEAN','布尔值','','',NULL,NULL,NULL,999,'2016-07-03 12:43:14',NULL);insert  into `hfmd_enum_class`(`hfmd_enum_class_id`,`hfmd_enum_class_name`,`hfmd_enum_class_code`,`hfmd_enum_class_desc`,`ext1`,`ext2`,`hfpm_program_id`,`op_id`,`create_time`,`modify_op_id`,`modify_time`,`del_flag`) values (2,'缺省枚举','DEFAULT.HOLDER','缺省枚举','','',NULL,999,'2016-09-18 19:11:51',NULL,NULL,0);insert  into `hfmd_enum_class`(`hfmd_enum_class_id`,`hfmd_enum_class_name`,`hfmd_enum_class_code`,`hfmd_enum_class_desc`,`ext1`,`ext2`,`hfpm_program_id`,`op_id`,`create_time`,`modify_op_id`,`modify_time`,`del_flag`) values (3,'性别','DEFAULT.GENDER','性别','','',NULL,999,'2016-09-18 18:57:21',1,'2016-11-18 10:53:47',0);insert  into `hfmd_enum_class`(`hfmd_enum_class_id`,`hfmd_enum_class_name`,`hfmd_enum_class_code`,`hfmd_enum_class_desc`,`ext1`,`ext2`,`hfpm_program_id`,`op_id`,`create_time`,`modify_op_id`,`modify_time`,`del_flag`) values (22,'实体类型','hfmd_entity.hfmd_entity_type','实体类型','','',151031375370,999,'2016-07-03 10:33:24',NULL,NULL,0);insert  into `hfmd_enum_class`(`hfmd_enum_class_id`,`hfmd_enum_class_name`,`hfmd_enum_class_code`,`hfmd_enum_class_desc`,`ext1`,`ext2`,`hfpm_program_id`,`op_id`,`create_time`,`modify_op_id`,`modify_time`,`del_flag`) values (23,'属性类型','hfmd_entity_attr.attr_type','属性类型','','',151031375370,999,'2016-07-03 10:37:05',NULL,NULL,0);insert  into `hfmd_enum_class`(`hfmd_enum_class_id`,`hfmd_enum_class_name`,`hfmd_enum_class_code`,`hfmd_enum_class_desc`,`ext1`,`ext2`,`hfpm_program_id`,`op_id`,`create_time`,`modify_op_id`,`modify_time`,`del_flag`) values (24,'菜单级别','hfsec_menu.menu_level','菜单级别','','',NULL,999,'2016-08-02 08:38:40',NULL,NULL,0);insert  into `hfmd_enum_class`(`hfmd_enum_class_id`,`hfmd_enum_class_name`,`hfmd_enum_class_code`,`hfmd_enum_class_desc`,`ext1`,`ext2`,`hfpm_program_id`,`op_id`,`create_time`,`modify_op_id`,`modify_time`,`del_flag`) values (25,'菜单图标','hfsec_menu.icon','菜单图标','','',NULL,999,'2016-08-02 08:44:01',NULL,NULL,0);insert  into `hfmd_enum_class`(`hfmd_enum_class_id`,`hfmd_enum_class_name`,`hfmd_enum_class_code`,`hfmd_enum_class_desc`,`ext1`,`ext2`,`hfpm_program_id`,`op_id`,`create_time`,`modify_op_id`,`modify_time`,`del_flag`) values (26,'页面模板元素类型','hfcfg_page_template_elements.hfcfg_page_template_elements_type','页面模板元素类型','','',151031375370,999,'2016-08-10 17:01:32',999,'2016-08-10 17:18:04',0);insert  into `hfmd_enum_class`(`hfmd_enum_class_id`,`hfmd_enum_class_name`,`hfmd_enum_class_code`,`hfmd_enum_class_desc`,`ext1`,`ext2`,`hfpm_program_id`,`op_id`,`create_time`,`modify_op_id`,`modify_time`,`del_flag`) values (30,'用户-状态','hfsec_user.status','状态','','',151031375397,NULL,NULL,1,'2016-11-18 10:54:54',NULL);insert  into `hfmd_enum_class`(`hfmd_enum_class_id`,`hfmd_enum_class_name`,`hfmd_enum_class_code`,`hfmd_enum_class_desc`,`ext1`,`ext2`,`hfpm_program_id`,`op_id`,`create_time`,`modify_op_id`,`modify_time`,`del_flag`) values (31,'数据源-数据库类型','cfg_datasource.cfg_datasource_type','数据库类型','','',151031375397,NULL,NULL,999,'2016-09-19 14:43:11',NULL);insert  into `hfmd_enum_class`(`hfmd_enum_class_id`,`hfmd_enum_class_name`,`hfmd_enum_class_code`,`hfmd_enum_class_desc`,`ext1`,`ext2`,`hfpm_program_id`,`op_id`,`create_time`,`modify_op_id`,`modify_time`,`del_flag`) values (32,'数据源-状态','cfg_datasource.status','状态','','',151031375397,NULL,NULL,999,'2016-09-19 14:43:49',NULL);insert  into `hfmd_enum_class`(`hfmd_enum_class_id`,`hfmd_enum_class_name`,`hfmd_enum_class_code`,`hfmd_enum_class_desc`,`ext1`,`ext2`,`hfpm_program_id`,`op_id`,`create_time`,`modify_op_id`,`modify_time`,`del_flag`) values (33,'消息队列-消息队列类型','cfg_broker.cfg_broker_type','消息队列类型','','',151031375397,NULL,NULL,999,'2016-09-19 14:44:08',NULL);insert  into `hfmd_enum_class`(`hfmd_enum_class_id`,`hfmd_enum_class_name`,`hfmd_enum_class_code`,`hfmd_enum_class_desc`,`ext1`,`ext2`,`hfpm_program_id`,`op_id`,`create_time`,`modify_op_id`,`modify_time`,`del_flag`) values (34,'消息队列-状态','cfg_broker.status','状态','','',151031375397,NULL,NULL,999,'2016-09-19 14:44:24',NULL);insert  into `hfmd_enum_class`(`hfmd_enum_class_id`,`hfmd_enum_class_name`,`hfmd_enum_class_code`,`hfmd_enum_class_desc`,`ext1`,`ext2`,`hfpm_program_id`,`op_id`,`create_time`,`modify_op_id`,`modify_time`,`del_flag`) values (35,'主题-主题类型','cfg_topic.cfg_topic_type','主题类型','','',151031375397,NULL,NULL,999,'2016-09-19 14:45:58',NULL);insert  into `hfmd_enum_class`(`hfmd_enum_class_id`,`hfmd_enum_class_name`,`hfmd_enum_class_code`,`hfmd_enum_class_desc`,`ext1`,`ext2`,`hfpm_program_id`,`op_id`,`create_time`,`modify_op_id`,`modify_time`,`del_flag`) values (36,'主题-状态','cfg_topic.status','状态','','',151031375397,NULL,NULL,999,'2016-09-19 14:46:45',NULL);insert  into `hfmd_enum_class`(`hfmd_enum_class_id`,`hfmd_enum_class_name`,`hfmd_enum_class_code`,`hfmd_enum_class_desc`,`ext1`,`ext2`,`hfpm_program_id`,`op_id`,`create_time`,`modify_op_id`,`modify_time`,`del_flag`) values (37,'订阅-订阅类型','cfg_subscribe.type','订阅类型','','',151031375397,NULL,NULL,999,'2016-09-19 14:50:18',NULL);insert  into `hfmd_enum_class`(`hfmd_enum_class_id`,`hfmd_enum_class_name`,`hfmd_enum_class_code`,`hfmd_enum_class_desc`,`ext1`,`ext2`,`hfpm_program_id`,`op_id`,`create_time`,`modify_op_id`,`modify_time`,`del_flag`) values (38,'订阅-分区策略','cfg_subscribe.partition_strategy','分区策略','','',151031375397,NULL,NULL,999,'2016-09-19 14:53:40',NULL);insert  into `hfmd_enum_class`(`hfmd_enum_class_id`,`hfmd_enum_class_name`,`hfmd_enum_class_code`,`hfmd_enum_class_desc`,`ext1`,`ext2`,`hfpm_program_id`,`op_id`,`create_time`,`modify_op_id`,`modify_time`,`del_flag`) values (39,'订阅-状态','cfg_subscribe.status','状态','','',151031375397,NULL,NULL,999,'2016-09-19 14:55:12',NULL);insert  into `hfmd_enum_class`(`hfmd_enum_class_id`,`hfmd_enum_class_name`,`hfmd_enum_class_code`,`hfmd_enum_class_desc`,`ext1`,`ext2`,`hfpm_program_id`,`op_id`,`create_time`,`modify_op_id`,`modify_time`,`del_flag`) values (42,'fdsa','fdsa','fdsa','fdsa','fsda',151031375396,999,'2016-09-20 19:28:16',1,'2016-09-21 11:06:22',0);insert  into `hfmd_enum_class`(`hfmd_enum_class_id`,`hfmd_enum_class_name`,`hfmd_enum_class_code`,`hfmd_enum_class_desc`,`ext1`,`ext2`,`hfpm_program_id`,`op_id`,`create_time`,`modify_op_id`,`modify_time`,`del_flag`) values (43,'tre','trew','tre','tre','tre',151031375396,1,'2016-09-21 11:47:27',NULL,NULL,0);insert  into `hfmd_enum_class`(`hfmd_enum_class_id`,`hfmd_enum_class_name`,`hfmd_enum_class_code`,`hfmd_enum_class_desc`,`ext1`,`ext2`,`hfpm_program_id`,`op_id`,`create_time`,`modify_op_id`,`modify_time`,`del_flag`) values (44,'任务定义-任务定义类型','cfg_task_def.cfg_task_def_type','任务定义类型',NULL,NULL,151031375397,NULL,NULL,NULL,NULL,NULL);insert  into `hfmd_enum_class`(`hfmd_enum_class_id`,`hfmd_enum_class_name`,`hfmd_enum_class_code`,`hfmd_enum_class_desc`,`ext1`,`ext2`,`hfpm_program_id`,`op_id`,`create_time`,`modify_op_id`,`modify_time`,`del_flag`) values (45,'任务定义-任务实例类型','cfg_task_def.cfg_task_instance_type','任务实例类型',NULL,NULL,151031375397,NULL,NULL,NULL,NULL,NULL);insert  into `hfmd_enum_class`(`hfmd_enum_class_id`,`hfmd_enum_class_name`,`hfmd_enum_class_code`,`hfmd_enum_class_desc`,`ext1`,`ext2`,`hfpm_program_id`,`op_id`,`create_time`,`modify_op_id`,`modify_time`,`del_flag`) values (46,'任务节点关系-状态','cfg_node_task_relat.status','状态',NULL,NULL,151031375397,NULL,NULL,NULL,NULL,NULL);insert  into `hfmd_enum_class`(`hfmd_enum_class_id`,`hfmd_enum_class_name`,`hfmd_enum_class_code`,`hfmd_enum_class_desc`,`ext1`,`ext2`,`hfpm_program_id`,`op_id`,`create_time`,`modify_op_id`,`modify_time`,`del_flag`) values (47,'任务实例-状态','cfg_task_inst.status','状态',NULL,NULL,151031375397,NULL,NULL,NULL,NULL,NULL);insert  into `hfmd_enum_class`(`hfmd_enum_class_id`,`hfmd_enum_class_name`,`hfmd_enum_class_code`,`hfmd_enum_class_desc`,`ext1`,`ext2`,`hfpm_program_id`,`op_id`,`create_time`,`modify_op_id`,`modify_time`,`del_flag`) values (48,'课程类目-状态','co_category.status','状态',NULL,NULL,151031375408,NULL,NULL,NULL,NULL,NULL);insert  into `hfmd_enum_class`(`hfmd_enum_class_id`,`hfmd_enum_class_name`,`hfmd_enum_class_code`,`hfmd_enum_class_desc`,`ext1`,`ext2`,`hfpm_program_id`,`op_id`,`create_time`,`modify_op_id`,`modify_time`,`del_flag`) values (49,'test10-状态','test10.status','状态',NULL,NULL,151031375422,NULL,NULL,NULL,NULL,NULL);insert  into `hfmd_enum_class`(`hfmd_enum_class_id`,`hfmd_enum_class_name`,`hfmd_enum_class_code`,`hfmd_enum_class_desc`,`ext1`,`ext2`,`hfpm_program_id`,`op_id`,`create_time`,`modify_op_id`,`modify_time`,`del_flag`) values (50,'test10-test10类型','test10.test10_type','test10类型',NULL,NULL,151031375422,NULL,NULL,NULL,NULL,NULL);insert  into `hfmd_enum_class`(`hfmd_enum_class_id`,`hfmd_enum_class_name`,`hfmd_enum_class_code`,`hfmd_enum_class_desc`,`ext1`,`ext2`,`hfpm_program_id`,`op_id`,`create_time`,`modify_op_id`,`modify_time`,`del_flag`) values (51,'学院-学院类型','college.college_type','学院类型',NULL,NULL,151031375436,NULL,NULL,NULL,NULL,NULL);insert  into `hfmd_enum_class`(`hfmd_enum_class_id`,`hfmd_enum_class_name`,`hfmd_enum_class_code`,`hfmd_enum_class_desc`,`ext1`,`ext2`,`hfpm_program_id`,`op_id`,`create_time`,`modify_op_id`,`modify_time`,`del_flag`) values (52,'学院-状态','college.status','状态',NULL,NULL,151031375436,NULL,NULL,NULL,NULL,NULL);insert  into `hfmd_enum_class`(`hfmd_enum_class_id`,`hfmd_enum_class_name`,`hfmd_enum_class_code`,`hfmd_enum_class_desc`,`ext1`,`ext2`,`hfpm_program_id`,`op_id`,`create_time`,`modify_op_id`,`modify_time`,`del_flag`) values (53,'课程-课程类型','course.course_type','课程类型',NULL,NULL,151031375436,NULL,NULL,NULL,NULL,NULL);insert  into `hfmd_enum_class`(`hfmd_enum_class_id`,`hfmd_enum_class_name`,`hfmd_enum_class_code`,`hfmd_enum_class_desc`,`ext1`,`ext2`,`hfpm_program_id`,`op_id`,`create_time`,`modify_op_id`,`modify_time`,`del_flag`) values (54,'课程-状态','course.status','状态',NULL,NULL,151031375436,NULL,NULL,NULL,NULL,NULL);insert  into `hfmd_enum_class`(`hfmd_enum_class_id`,`hfmd_enum_class_name`,`hfmd_enum_class_code`,`hfmd_enum_class_desc`,`ext1`,`ext2`,`hfpm_program_id`,`op_id`,`create_time`,`modify_op_id`,`modify_time`,`del_flag`) values (55,'班级-状态','classs.status','状态',NULL,NULL,151031375436,NULL,NULL,NULL,NULL,NULL);insert  into `hfmd_enum_class`(`hfmd_enum_class_id`,`hfmd_enum_class_name`,`hfmd_enum_class_code`,`hfmd_enum_class_desc`,`ext1`,`ext2`,`hfpm_program_id`,`op_id`,`create_time`,`modify_op_id`,`modify_time`,`del_flag`) values (56,'学生-状态','student.status','状态',NULL,NULL,151031375436,NULL,NULL,NULL,NULL,NULL);insert  into `hfmd_enum_class`(`hfmd_enum_class_id`,`hfmd_enum_class_name`,`hfmd_enum_class_code`,`hfmd_enum_class_desc`,`ext1`,`ext2`,`hfpm_program_id`,`op_id`,`create_time`,`modify_op_id`,`modify_time`,`del_flag`) values (57,'排期表-时段','schedule.time_interval','时段',NULL,NULL,151031375436,NULL,NULL,NULL,NULL,NULL);insert  into `hfmd_enum_class`(`hfmd_enum_class_id`,`hfmd_enum_class_name`,`hfmd_enum_class_code`,`hfmd_enum_class_desc`,`ext1`,`ext2`,`hfpm_program_id`,`op_id`,`create_time`,`modify_op_id`,`modify_time`,`del_flag`) values (58,'考勤-状态','access.status','状态',NULL,NULL,151031375436,NULL,NULL,NULL,NULL,NULL);insert  into `hfmd_enum_class`(`hfmd_enum_class_id`,`hfmd_enum_class_name`,`hfmd_enum_class_code`,`hfmd_enum_class_desc`,`ext1`,`ext2`,`hfpm_program_id`,`op_id`,`create_time`,`modify_op_id`,`modify_time`,`del_flag`) values (59,'订阅数据-订阅数据类型','cfg_subscribe_data.cfg_subscribe_type','订阅数据类型',NULL,NULL,151031375397,NULL,NULL,NULL,NULL,NULL);insert  into `hfmd_enum_class`(`hfmd_enum_class_id`,`hfmd_enum_class_name`,`hfmd_enum_class_code`,`hfmd_enum_class_desc`,`ext1`,`ext2`,`hfpm_program_id`,`op_id`,`create_time`,`modify_op_id`,`modify_time`,`del_flag`) values (60,'订阅数据-状态','cfg_subscribe_data.status','状态',NULL,NULL,151031375397,NULL,NULL,NULL,NULL,NULL);insert  into `hfmd_enum_class`(`hfmd_enum_class_id`,`hfmd_enum_class_name`,`hfmd_enum_class_code`,`hfmd_enum_class_desc`,`ext1`,`ext2`,`hfpm_program_id`,`op_id`,`create_time`,`modify_op_id`,`modify_time`,`del_flag`) values (61,'订阅-数据操作类型','cfg_subscribe.db_object_operate_type','数据操作类型',NULL,NULL,151031375397,NULL,NULL,NULL,NULL,NULL);insert  into `hfmd_enum_class`(`hfmd_enum_class_id`,`hfmd_enum_class_name`,`hfmd_enum_class_code`,`hfmd_enum_class_desc`,`ext1`,`ext2`,`hfpm_program_id`,`op_id`,`create_time`,`modify_op_id`,`modify_time`,`del_flag`) values (62,'角色-状态','hfsec_role.status','状态','','',NULL,NULL,NULL,1,'2016-11-17 17:04:22',NULL);insert  into `hfmd_enum_class`(`hfmd_enum_class_id`,`hfmd_enum_class_name`,`hfmd_enum_class_code`,`hfmd_enum_class_desc`,`ext1`,`ext2`,`hfpm_program_id`,`op_id`,`create_time`,`modify_op_id`,`modify_time`,`del_flag`) values (63,'角色-角色类型','hfsec_role.hfsec_role_type','角色类型','','',NULL,NULL,NULL,1,'2016-11-17 17:05:44',NULL);insert  into `hfmd_enum_class`(`hfmd_enum_class_id`,`hfmd_enum_class_name`,`hfmd_enum_class_code`,`hfmd_enum_class_desc`,`ext1`,`ext2`,`hfpm_program_id`,`op_id`,`create_time`,`modify_op_id`,`modify_time`,`del_flag`) values (64,'用户授权-状态','hfsec_user_authorize.status','状态','','',NULL,NULL,NULL,1,'2016-11-18 15:48:53',NULL);insert  into `hfmd_enum_class`(`hfmd_enum_class_id`,`hfmd_enum_class_name`,`hfmd_enum_class_code`,`hfmd_enum_class_desc`,`ext1`,`ext2`,`hfpm_program_id`,`op_id`,`create_time`,`modify_op_id`,`modify_time`,`del_flag`) values (65,'角色授权-状态','hfsec_role_authorize.status','状态','','',NULL,NULL,NULL,1,'2017-02-09 17:24:27',NULL);insert  into `hfmd_enum_class`(`hfmd_enum_class_id`,`hfmd_enum_class_name`,`hfmd_enum_class_code`,`hfmd_enum_class_desc`,`ext1`,`ext2`,`hfpm_program_id`,`op_id`,`create_time`,`modify_op_id`,`modify_time`,`del_flag`) values (66,'组织-组织类型','hfsec_organize.hfsec_organize_type','组织类型','','',NULL,NULL,NULL,1,'2016-11-08 10:25:30',NULL);insert  into `hfmd_enum_class`(`hfmd_enum_class_id`,`hfmd_enum_class_name`,`hfmd_enum_class_code`,`hfmd_enum_class_desc`,`ext1`,`ext2`,`hfpm_program_id`,`op_id`,`create_time`,`modify_op_id`,`modify_time`,`del_flag`) values (67,'组织-组织级别','hfsec_organize.hfsec_organize_level','组织级别','','',NULL,NULL,NULL,1,'2016-11-08 10:27:09',NULL);insert  into `hfmd_enum_class`(`hfmd_enum_class_id`,`hfmd_enum_class_name`,`hfmd_enum_class_code`,`hfmd_enum_class_desc`,`ext1`,`ext2`,`hfpm_program_id`,`op_id`,`create_time`,`modify_op_id`,`modify_time`,`del_flag`) values (68,'组织-状态','hfsec_organize.status','状态','','',NULL,NULL,NULL,1,'2016-11-08 10:27:31',NULL);insert  into `hfmd_enum_class`(`hfmd_enum_class_id`,`hfmd_enum_class_name`,`hfmd_enum_class_code`,`hfmd_enum_class_desc`,`ext1`,`ext2`,`hfpm_program_id`,`op_id`,`create_time`,`modify_op_id`,`modify_time`,`del_flag`) values (69,'角色授权-角色授权类型','hfsec_role_authorize.hfsec_role_authorize_type','角色授权类型','','',NULL,NULL,NULL,1,'2016-11-17 17:13:13',NULL);insert  into `hfmd_enum_class`(`hfmd_enum_class_id`,`hfmd_enum_class_name`,`hfmd_enum_class_code`,`hfmd_enum_class_desc`,`ext1`,`ext2`,`hfpm_program_id`,`op_id`,`create_time`,`modify_op_id`,`modify_time`,`del_flag`) values (70,'常用实体库-分组','hfus_entity_store.group','分组','','',151031375370,NULL,NULL,1,'2016-11-25 18:37:51',NULL);insert  into `hfmd_enum_class`(`hfmd_enum_class_id`,`hfmd_enum_class_name`,`hfmd_enum_class_code`,`hfmd_enum_class_desc`,`ext1`,`ext2`,`hfpm_program_id`,`op_id`,`create_time`,`modify_op_id`,`modify_time`,`del_flag`) values (71,'常用实体库-常用实体库类型','hfus_entity_store.hfus_entity_store_type','常用实体库类型','','',151031375370,NULL,NULL,1,'2016-11-25 18:39:49',NULL);insert  into `hfmd_enum_class`(`hfmd_enum_class_id`,`hfmd_enum_class_name`,`hfmd_enum_class_code`,`hfmd_enum_class_desc`,`ext1`,`ext2`,`hfpm_program_id`,`op_id`,`create_time`,`modify_op_id`,`modify_time`,`del_flag`) values (72,'数据列-数据获取方式          ','hfpm_data_field.data_get_method','数据获取方式          ','','',151031375370,NULL,NULL,1,'2017-01-09 13:21:31',NULL);insert  into `hfmd_enum_class`(`hfmd_enum_class_id`,`hfmd_enum_class_name`,`hfmd_enum_class_code`,`hfmd_enum_class_desc`,`ext1`,`ext2`,`hfpm_program_id`,`op_id`,`create_time`,`modify_op_id`,`modify_time`,`del_flag`) values (73,'数据列-编辑权限','hfpm_data_field.edit_auth','','','',151031375370,1,'2017-01-09 13:38:58',NULL,NULL,0);insert  into `hfmd_enum_class`(`hfmd_enum_class_id`,`hfmd_enum_class_name`,`hfmd_enum_class_code`,`hfmd_enum_class_desc`,`ext1`,`ext2`,`hfpm_program_id`,`op_id`,`create_time`,`modify_op_id`,`modify_time`,`del_flag`) values (74,'有.无','DEFAULT.BOOLEAN-EXISTS','','','',NULL,1,'2017-01-09 13:54:19',1,'2017-01-09 14:40:57',0);insert  into `hfmd_enum_class`(`hfmd_enum_class_id`,`hfmd_enum_class_name`,`hfmd_enum_class_code`,`hfmd_enum_class_desc`,`ext1`,`ext2`,`hfpm_program_id`,`op_id`,`create_time`,`modify_op_id`,`modify_time`,`del_flag`) values (75,'统计主题-状态','cfg_statistics_topic.status','状态','','',151031375397,NULL,NULL,1,'2017-03-13 17:00:39',NULL);insert  into `hfmd_enum_class`(`hfmd_enum_class_id`,`hfmd_enum_class_name`,`hfmd_enum_class_code`,`hfmd_enum_class_desc`,`ext1`,`ext2`,`hfpm_program_id`,`op_id`,`create_time`,`modify_op_id`,`modify_time`,`del_flag`) values (76,'流量统计-状态','cfg_statistics.status','状态',NULL,NULL,151031375397,NULL,NULL,NULL,NULL,NULL);insert  into `hfmd_enum_class`(`hfmd_enum_class_id`,`hfmd_enum_class_name`,`hfmd_enum_class_code`,`hfmd_enum_class_desc`,`ext1`,`ext2`,`hfpm_program_id`,`op_id`,`create_time`,`modify_op_id`,`modify_time`,`del_flag`) values (77,'是.否','DEFAULT.BOOLEAN-YES-NO','是.否','','',NULL,1,'2017-03-13 16:54:16',NULL,NULL,0);insert  into `hfmd_enum_class`(`hfmd_enum_class_id`,`hfmd_enum_class_name`,`hfmd_enum_class_code`,`hfmd_enum_class_desc`,`ext1`,`ext2`,`hfpm_program_id`,`op_id`,`create_time`,`modify_op_id`,`modify_time`,`del_flag`) values (78,'正常.停用','DEFAULT.BOOLEAN-NORMAL-DISABLE','正常.停用','','',NULL,1,'2017-03-13 16:57:20',NULL,NULL,0);insert  into `hfmd_enum_class`(`hfmd_enum_class_id`,`hfmd_enum_class_name`,`hfmd_enum_class_code`,`hfmd_enum_class_desc`,`ext1`,`ext2`,`hfpm_program_id`,`op_id`,`create_time`,`modify_op_id`,`modify_time`,`del_flag`) values (79,'用户-性别','user.gender','性别','','',NULL,NULL,NULL,1,'2017-06-22 10:55:14',NULL);insert  into `hfmd_enum_class`(`hfmd_enum_class_id`,`hfmd_enum_class_name`,`hfmd_enum_class_code`,`hfmd_enum_class_desc`,`ext1`,`ext2`,`hfpm_program_id`,`op_id`,`create_time`,`modify_op_id`,`modify_time`,`del_flag`) values (80,'用户-状态','user.status','状态','','',NULL,NULL,NULL,1,'2017-06-22 10:54:51',NULL);insert  into `hfmd_enum_class`(`hfmd_enum_class_id`,`hfmd_enum_class_name`,`hfmd_enum_class_code`,`hfmd_enum_class_desc`,`ext1`,`ext2`,`hfpm_program_id`,`op_id`,`create_time`,`modify_op_id`,`modify_time`,`del_flag`) values (81,'组织-状态','organize.status','状态','','',NULL,NULL,NULL,1,'2017-06-22 10:54:19',NULL);insert  into `hfmd_enum_class`(`hfmd_enum_class_id`,`hfmd_enum_class_name`,`hfmd_enum_class_code`,`hfmd_enum_class_desc`,`ext1`,`ext2`,`hfpm_program_id`,`op_id`,`create_time`,`modify_op_id`,`modify_time`,`del_flag`) values (82,'组织-组织类型','organize.organize_type','组织类型','','',NULL,NULL,NULL,1,'2017-06-22 10:52:53',NULL);insert  into `hfmd_enum_class`(`hfmd_enum_class_id`,`hfmd_enum_class_name`,`hfmd_enum_class_code`,`hfmd_enum_class_desc`,`ext1`,`ext2`,`hfpm_program_id`,`op_id`,`create_time`,`modify_op_id`,`modify_time`,`del_flag`) values (83,'组织-组织级别','organize.organize_level','组织级别','','',NULL,NULL,NULL,1,'2017-06-22 10:52:01',NULL);insert  into `hfmd_enum_class`(`hfmd_enum_class_id`,`hfmd_enum_class_name`,`hfmd_enum_class_code`,`hfmd_enum_class_desc`,`ext1`,`ext2`,`hfpm_program_id`,`op_id`,`create_time`,`modify_op_id`,`modify_time`,`del_flag`) values (84,'角色-状态','role.status','状态','','',NULL,NULL,NULL,1,'2017-06-22 10:50:34',NULL);insert  into `hfmd_enum_class`(`hfmd_enum_class_id`,`hfmd_enum_class_name`,`hfmd_enum_class_code`,`hfmd_enum_class_desc`,`ext1`,`ext2`,`hfpm_program_id`,`op_id`,`create_time`,`modify_op_id`,`modify_time`,`del_flag`) values (85,'角色-角色类型','role.role_type','角色类型','','',NULL,NULL,NULL,1,'2017-06-22 10:49:56',NULL);insert  into `hfmd_enum_class`(`hfmd_enum_class_id`,`hfmd_enum_class_name`,`hfmd_enum_class_code`,`hfmd_enum_class_desc`,`ext1`,`ext2`,`hfpm_program_id`,`op_id`,`create_time`,`modify_op_id`,`modify_time`,`del_flag`) values (86,'菜单-菜单级别','menu.menu_level','菜单级别','','',NULL,NULL,NULL,1,'2017-06-22 10:49:01',NULL);insert  into `hfmd_enum_class`(`hfmd_enum_class_id`,`hfmd_enum_class_name`,`hfmd_enum_class_code`,`hfmd_enum_class_desc`,`ext1`,`ext2`,`hfpm_program_id`,`op_id`,`create_time`,`modify_op_id`,`modify_time`,`del_flag`) values (87,'用户授权-状态','user_authorize.status','状态','','',NULL,NULL,NULL,1,'2017-06-22 10:48:07',NULL);insert  into `hfmd_enum_class`(`hfmd_enum_class_id`,`hfmd_enum_class_name`,`hfmd_enum_class_code`,`hfmd_enum_class_desc`,`ext1`,`ext2`,`hfpm_program_id`,`op_id`,`create_time`,`modify_op_id`,`modify_time`,`del_flag`) values (88,'角色授权-状态','role_authorize.status','状态','','',NULL,NULL,NULL,1,'2017-06-22 10:47:12',NULL);insert  into `hfmd_enum_class`(`hfmd_enum_class_id`,`hfmd_enum_class_name`,`hfmd_enum_class_code`,`hfmd_enum_class_desc`,`ext1`,`ext2`,`hfpm_program_id`,`op_id`,`create_time`,`modify_op_id`,`modify_time`,`del_flag`) values (89,'API配置表-状态','cfg_api_conf.state','状态',NULL,NULL,151031375436,NULL,NULL,NULL,NULL,NULL);insert  into `hfmd_enum_class`(`hfmd_enum_class_id`,`hfmd_enum_class_name`,`hfmd_enum_class_code`,`hfmd_enum_class_desc`,`ext1`,`ext2`,`hfpm_program_id`,`op_id`,`create_time`,`modify_op_id`,`modify_time`,`del_flag`) values (90,'角色授权-角色授权类型','role_authorize.role_authorize_type','角色授权类型',NULL,NULL,151031375460,NULL,NULL,NULL,NULL,NULL);insert  into `hfmd_enum_class`(`hfmd_enum_class_id`,`hfmd_enum_class_name`,`hfmd_enum_class_code`,`hfmd_enum_class_desc`,`ext1`,`ext2`,`hfpm_program_id`,`op_id`,`create_time`,`modify_op_id`,`modify_time`,`del_flag`) values (91,'API消费者授权-状态','cfg_consumer_auth.state','状态',NULL,NULL,151031375460,NULL,NULL,NULL,NULL,NULL);insert  into `hfmd_enum_class`(`hfmd_enum_class_id`,`hfmd_enum_class_name`,`hfmd_enum_class_code`,`hfmd_enum_class_desc`,`ext1`,`ext2`,`hfpm_program_id`,`op_id`,`create_time`,`modify_op_id`,`modify_time`,`del_flag`) values (92,'API消费者-状态','cfg_consumer.state','状态',NULL,NULL,151031375460,NULL,NULL,NULL,NULL,NULL);insert  into `hfmd_enum_class`(`hfmd_enum_class_id`,`hfmd_enum_class_name`,`hfmd_enum_class_code`,`hfmd_enum_class_desc`,`ext1`,`ext2`,`hfpm_program_id`,`op_id`,`create_time`,`modify_op_id`,`modify_time`,`del_flag`) values (93,'API定义表-属性类型','cfg_api_def.prop_type','属性类型',NULL,NULL,151031375459,NULL,NULL,NULL,NULL,NULL);/*Data for the table `hfsec_menu` */insert  into `hfsec_menu`(`hfsec_menu_id`,`hfsec_menu_code`,`hfsec_menu_name`,`hfsec_menu_desc`,`menu_level`,`icon`,`url`,`parent_hfsec_menu_id`,`hfpm_program_id`,`hfpm_module_id`,`pri`,`creator_id`,`create_time`,`modifier_id`,`modify_time`,`del_flag`) values (1,'hfpm_program_mgr','项目管理','项目管理',1,' icon-retweet','/hframe/hfpm_program_mgr.html',-1,NULL,NULL,'1.00',NULL,NULL,1,'2016-12-07 21:16:00',NULL);insert  into `hfsec_menu`(`hfsec_menu_id`,`hfsec_menu_code`,`hfsec_menu_name`,`hfsec_menu_desc`,`menu_level`,`icon`,`url`,`parent_hfsec_menu_id`,`hfpm_program_id`,`hfpm_module_id`,`pri`,`creator_id`,`create_time`,`modifier_id`,`modify_time`,`del_flag`) values (2,'hfmd_entity_mgr','实体管理','实体管理',1,' icon-tag','/hframe/hfmd_entity_mgr.html',-1,NULL,NULL,'2.00',NULL,NULL,1,'2016-12-07 21:16:00',NULL);insert  into `hfsec_menu`(`hfsec_menu_id`,`hfsec_menu_code`,`hfsec_menu_name`,`hfsec_menu_desc`,`menu_level`,`icon`,`url`,`parent_hfsec_menu_id`,`hfpm_program_id`,`hfpm_module_id`,`pri`,`creator_id`,`create_time`,`modifier_id`,`modify_time`,`del_flag`) values (3,'hfpm_data_set_mgr','数据集管理','数据集管理',1,' icon-cog','/hframe/hfpm_data_set_mgr.html',-1,NULL,NULL,'3.00',NULL,NULL,1,'2016-12-07 21:16:00',NULL);insert  into `hfsec_menu`(`hfsec_menu_id`,`hfsec_menu_code`,`hfsec_menu_name`,`hfsec_menu_desc`,`menu_level`,`icon`,`url`,`parent_hfsec_menu_id`,`hfpm_program_id`,`hfpm_module_id`,`pri`,`creator_id`,`create_time`,`modifier_id`,`modify_time`,`del_flag`) values (4,'hfpm_page_mgr','页面管理','页面管理',1,'icon-picture','/hframe/hfpm_page_mgr.html',-1,NULL,NULL,'4.00',NULL,NULL,1,'2016-12-07 21:16:00',NULL);insert  into `hfsec_menu`(`hfsec_menu_id`,`hfsec_menu_code`,`hfsec_menu_name`,`hfsec_menu_desc`,`menu_level`,`icon`,`url`,`parent_hfsec_menu_id`,`hfpm_program_id`,`hfpm_module_id`,`pri`,`creator_id`,`create_time`,`modifier_id`,`modify_time`,`del_flag`) values (5,'hfmd_enum_class_mgr','枚举管理','枚举管理',1,'icon-reorder','/hframe/hfmd_enum_class_mgr.html',-1,NULL,NULL,'5.00',NULL,NULL,1,'2016-12-07 21:16:00',NULL);insert  into `hfsec_menu`(`hfsec_menu_id`,`hfsec_menu_code`,`hfsec_menu_name`,`hfsec_menu_desc`,`menu_level`,`icon`,`url`,`parent_hfsec_menu_id`,`hfpm_program_id`,`hfpm_module_id`,`pri`,`creator_id`,`create_time`,`modifier_id`,`modify_time`,`del_flag`) values (6,'hfsec_menu_mgr','菜单管理','菜单管理',1,' icon-sitemap','/hframe/hfsec_menu_mgr.html',38,NULL,NULL,'25.00',NULL,NULL,1,'2016-12-07 21:16:00',NULL);insert  into `hfsec_menu`(`hfsec_menu_id`,`hfsec_menu_code`,`hfsec_menu_name`,`hfsec_menu_desc`,`menu_level`,`icon`,`url`,`parent_hfsec_menu_id`,`hfpm_program_id`,`hfpm_module_id`,`pri`,`creator_id`,`create_time`,`modifier_id`,`modify_time`,`del_flag`) values (15,'GJPZ','高级配置','高级配置',1,'icon-signal','/hframe/hfcfg_c',-1,NULL,NULL,'6.00',NULL,NULL,1,'2016-12-07 21:16:00',NULL);insert  into `hfsec_menu`(`hfsec_menu_id`,`hfsec_menu_code`,`hfsec_menu_name`,`hfsec_menu_desc`,`menu_level`,`icon`,`url`,`parent_hfsec_menu_id`,`hfpm_program_id`,`hfpm_module_id`,`pri`,`creator_id`,`create_time`,`modifier_id`,`modify_time`,`del_flag`) values (16,NULL,'实体规则配置','实体规则配置',2,'icon-bookmark','/hframe/hfpm_entity_bind_rule_mgr.html',15,NULL,NULL,'7.00',NULL,NULL,1,'2017-01-09 16:26:44',NULL);insert  into `hfsec_menu`(`hfsec_menu_id`,`hfsec_menu_code`,`hfsec_menu_name`,`hfsec_menu_desc`,`menu_level`,`icon`,`url`,`parent_hfsec_menu_id`,`hfpm_program_id`,`hfpm_module_id`,`pri`,`creator_id`,`create_time`,`modifier_id`,`modify_time`,`del_flag`) values (17,NULL,'数据集助手','数据集助手',2,'icon-legal','/hframe/hfpm_program_mgr.html',15,NULL,NULL,'8.00',NULL,NULL,1,'2016-12-07 21:16:00',NULL);insert  into `hfsec_menu`(`hfsec_menu_id`,`hfsec_menu_code`,`hfsec_menu_name`,`hfsec_menu_desc`,`menu_level`,`icon`,`url`,`parent_hfsec_menu_id`,`hfpm_program_id`,`hfpm_module_id`,`pri`,`creator_id`,`create_time`,`modifier_id`,`modify_time`,`del_flag`) values (18,NULL,'智能库','智能库',1,' icon-tint','/hframe/hfcfg_c',-1,NULL,NULL,'9.00',NULL,NULL,1,'2016-12-07 21:16:00',NULL);insert  into `hfsec_menu`(`hfsec_menu_id`,`hfsec_menu_code`,`hfsec_menu_name`,`hfsec_menu_desc`,`menu_level`,`icon`,`url`,`parent_hfsec_menu_id`,`hfpm_program_id`,`hfpm_module_id`,`pri`,`creator_id`,`create_time`,`modifier_id`,`modify_time`,`del_flag`) values (19,'hfus_entity_attr_mgr','通用属性管理','通用属性管理',2,'icon-legal','/hframe/hfus_entity_attr_mgr.html',18,NULL,NULL,'10.00',NULL,NULL,1,'2016-12-07 21:16:00',NULL);insert  into `hfsec_menu`(`hfsec_menu_id`,`hfsec_menu_code`,`hfsec_menu_name`,`hfsec_menu_desc`,`menu_level`,`icon`,`url`,`parent_hfsec_menu_id`,`hfpm_program_id`,`hfpm_module_id`,`pri`,`creator_id`,`create_time`,`modifier_id`,`modify_time`,`del_flag`) values (21,'YMB','云模板','云模板',1,' icon-dashboard','/hframe/hfcfg_c',-1,NULL,NULL,'13.00',NULL,NULL,1,'2016-12-07 21:16:00',NULL);insert  into `hfsec_menu`(`hfsec_menu_id`,`hfsec_menu_code`,`hfsec_menu_name`,`hfsec_menu_desc`,`menu_level`,`icon`,`url`,`parent_hfsec_menu_id`,`hfpm_program_id`,`hfpm_module_id`,`pri`,`creator_id`,`create_time`,`modifier_id`,`modify_time`,`del_flag`) values (22,'hfcfg_program_template_mgr','项目模板','项目模板',2,'icon-legal','/hframe/hfcfg_program_template_mgr.html',21,NULL,NULL,'14.00',NULL,NULL,1,'2016-12-07 21:16:00',NULL);insert  into `hfsec_menu`(`hfsec_menu_id`,`hfsec_menu_code`,`hfsec_menu_name`,`hfsec_menu_desc`,`menu_level`,`icon`,`url`,`parent_hfsec_menu_id`,`hfpm_program_id`,`hfpm_module_id`,`pri`,`creator_id`,`create_time`,`modifier_id`,`modify_time`,`del_flag`) values (23,'hfcfg_page_template_mgr','页面模板','页面模板',2,'icon-legal','/hframe/hfcfg_page_template_mgr.html',21,NULL,NULL,'15.00',NULL,NULL,1,'2016-12-07 21:16:00',NULL);insert  into `hfsec_menu`(`hfsec_menu_id`,`hfsec_menu_code`,`hfsec_menu_name`,`hfsec_menu_desc`,`menu_level`,`icon`,`url`,`parent_hfsec_menu_id`,`hfpm_program_id`,`hfpm_module_id`,`pri`,`creator_id`,`create_time`,`modifier_id`,`modify_time`,`del_flag`) values (24,'hfcfg_component_template_mgr','组件模板','组件模板',2,'icon-legal','/hframe/hfcfg_component_template_mgr.html',21,NULL,NULL,'16.00',NULL,NULL,1,'2016-12-07 21:16:00',NULL);insert  into `hfsec_menu`(`hfsec_menu_id`,`hfsec_menu_code`,`hfsec_menu_name`,`hfsec_menu_desc`,`menu_level`,`icon`,`url`,`parent_hfsec_menu_id`,`hfpm_program_id`,`hfpm_module_id`,`pri`,`creator_id`,`create_time`,`modifier_id`,`modify_time`,`del_flag`) values (25,'SC','生成','生成',1,'icon-legal','/hframe/hfcfg_c',-1,NULL,NULL,'17.00',NULL,NULL,1,'2016-12-07 21:16:00',NULL);insert  into `hfsec_menu`(`hfsec_menu_id`,`hfsec_menu_code`,`hfsec_menu_name`,`hfsec_menu_desc`,`menu_level`,`icon`,`url`,`parent_hfsec_menu_id`,`hfpm_program_id`,`hfpm_module_id`,`pri`,`creator_id`,`create_time`,`modifier_id`,`modify_time`,`del_flag`) values (26,'model_diff','DB变更','DB变更',2,'icon-retweet','/hframe/model_diff.html',25,NULL,NULL,'18.00',NULL,NULL,1,'2016-12-07 21:16:00',NULL);insert  into `hfsec_menu`(`hfsec_menu_id`,`hfsec_menu_code`,`hfsec_menu_name`,`hfsec_menu_desc`,`menu_level`,`icon`,`url`,`parent_hfsec_menu_id`,`hfpm_program_id`,`hfpm_module_id`,`pri`,`creator_id`,`create_time`,`modifier_id`,`modify_time`,`del_flag`) values (27,'code_diff','代码生成','代码生成',2,'icon-retweet','/hframe/code_diff.html',25,NULL,NULL,'19.00',NULL,NULL,1,'2016-12-07 21:16:00',NULL);insert  into `hfsec_menu`(`hfsec_menu_id`,`hfsec_menu_code`,`hfsec_menu_name`,`hfsec_menu_desc`,`menu_level`,`icon`,`url`,`parent_hfsec_menu_id`,`hfpm_program_id`,`hfpm_module_id`,`pri`,`creator_id`,`create_time`,`modifier_id`,`modify_time`,`del_flag`) values (28,'page_load','页面生成','页面生成',2,'icon-retweet','/hframe/page_load.html',25,NULL,NULL,'20.00',NULL,NULL,1,'2016-12-07 21:16:00',NULL);insert  into `hfsec_menu`(`hfsec_menu_id`,`hfsec_menu_code`,`hfsec_menu_name`,`hfsec_menu_desc`,`menu_level`,`icon`,`url`,`parent_hfsec_menu_id`,`hfpm_program_id`,`hfpm_module_id`,`pri`,`creator_id`,`create_time`,`modifier_id`,`modify_time`,`del_flag`) values (29,'menu_chart','菜单配置','菜单配置',2,'icon-retweet','/hframe/menu_chart.html',25,NULL,NULL,'21.00',NULL,NULL,1,'2016-12-07 21:16:00',NULL);insert  into `hfsec_menu`(`hfsec_menu_id`,`hfsec_menu_code`,`hfsec_menu_name`,`hfsec_menu_desc`,`menu_level`,`icon`,`url`,`parent_hfsec_menu_id`,`hfpm_program_id`,`hfpm_module_id`,`pri`,`creator_id`,`create_time`,`modifier_id`,`modify_time`,`del_flag`) values (31,'hfsec_user_mgr','用户管理','用户管理',1,'icon-legal','/hframe/hfsec_user_mgr.html',38,NULL,NULL,'26.00',NULL,NULL,1,'2016-12-07 21:16:00',NULL);insert  into `hfsec_menu`(`hfsec_menu_id`,`hfsec_menu_code`,`hfsec_menu_name`,`hfsec_menu_desc`,`menu_level`,`icon`,`url`,`parent_hfsec_menu_id`,`hfpm_program_id`,`hfpm_module_id`,`pri`,`creator_id`,`create_time`,`modifier_id`,`modify_time`,`del_flag`) values (32,'hfus_word_store_mgr','单词库管理','单词库管理',1,'icon-legal','/hframe/hfus_word_store_mgr.html',18,NULL,NULL,'11.00',NULL,NULL,1,'2016-12-07 21:16:00',NULL);insert  into `hfsec_menu`(`hfsec_menu_id`,`hfsec_menu_code`,`hfsec_menu_name`,`hfsec_menu_desc`,`menu_level`,`icon`,`url`,`parent_hfsec_menu_id`,`hfpm_program_id`,`hfpm_module_id`,`pri`,`creator_id`,`create_time`,`modifier_id`,`modify_time`,`del_flag`) values (33,'hfpm_program_cfg_mgr','项目设置管理','项目设置管理',1,'','/hframe/hfpm_program_cfg_mgr.html',-1,NULL,NULL,'2.50',NULL,NULL,1,'2016-12-07 21:16:00',NULL);insert  into `hfsec_menu`(`hfsec_menu_id`,`hfsec_menu_code`,`hfsec_menu_name`,`hfsec_menu_desc`,`menu_level`,`icon`,`url`,`parent_hfsec_menu_id`,`hfpm_program_id`,`hfpm_module_id`,`pri`,`creator_id`,`create_time`,`modifier_id`,`modify_time`,`del_flag`) values (34,'hfcfg_db_connect_mgr','数据库连接信息管理','数据库连接信息管理',1,'','/hframe/hfcfg_db_connect_mgr.html',25,NULL,NULL,'22.00',NULL,NULL,1,'2016-12-07 21:16:00',NULL);insert  into `hfsec_menu`(`hfsec_menu_id`,`hfsec_menu_code`,`hfsec_menu_name`,`hfsec_menu_desc`,`menu_level`,`icon`,`url`,`parent_hfsec_menu_id`,`hfpm_program_id`,`hfpm_module_id`,`pri`,`creator_id`,`create_time`,`modifier_id`,`modify_time`,`del_flag`) values (35,'canal_manager','cannal文件管理器','cannal文件管理器',2,'icon-sitemap','/hframe/canal_manager.html',38,NULL,NULL,'27.00',NULL,'2016-09-18 11:11:34',1,'2016-12-07 21:16:00',0);insert  into `hfsec_menu`(`hfsec_menu_id`,`hfsec_menu_code`,`hfsec_menu_name`,`hfsec_menu_desc`,`menu_level`,`icon`,`url`,`parent_hfsec_menu_id`,`hfpm_program_id`,`hfpm_module_id`,`pri`,`creator_id`,`create_time`,`modifier_id`,`modify_time`,`del_flag`) values (36,'hfsec_organize_mgr','组织管理','组织管理',1,'icon-bookmark','/hframe/hfsec_organize_mgr.html',38,NULL,NULL,'28.00',NULL,NULL,1,'2016-12-07 21:16:00',NULL);insert  into `hfsec_menu`(`hfsec_menu_id`,`hfsec_menu_code`,`hfsec_menu_name`,`hfsec_menu_desc`,`menu_level`,`icon`,`url`,`parent_hfsec_menu_id`,`hfpm_program_id`,`hfpm_module_id`,`pri`,`creator_id`,`create_time`,`modifier_id`,`modify_time`,`del_flag`) values (37,'hfsec_role_mgr','角色管理','角色管理',1,'icon-sitemap','/hframe/hfsec_role_mgr.html',38,NULL,NULL,'29.00',NULL,NULL,1,'2016-12-07 21:16:00',NULL);insert  into `hfsec_menu`(`hfsec_menu_id`,`hfsec_menu_code`,`hfsec_menu_name`,`hfsec_menu_desc`,`menu_level`,`icon`,`url`,`parent_hfsec_menu_id`,`hfpm_program_id`,`hfpm_module_id`,`pri`,`creator_id`,`create_time`,`modifier_id`,`modify_time`,`del_flag`) values (38,'XTGL','权限管理','权限管理',3,'icon-bookmark','系统管理',-1,NULL,NULL,'24.00',1,'2016-11-07 19:44:05',1,'2016-12-07 21:16:00',0);insert  into `hfsec_menu`(`hfsec_menu_id`,`hfsec_menu_code`,`hfsec_menu_name`,`hfsec_menu_desc`,`menu_level`,`icon`,`url`,`parent_hfsec_menu_id`,`hfpm_program_id`,`hfpm_module_id`,`pri`,`creator_id`,`create_time`,`modifier_id`,`modify_time`,`del_flag`) values (39,'sql_reverse','反向工程','反向工程',2,'icon-sitemap','/hframe/sql_reverse.html',25,NULL,NULL,'23.00',1,'2016-11-15 10:50:35',1,'2016-12-07 21:16:00',0);insert  into `hfsec_menu`(`hfsec_menu_id`,`hfsec_menu_code`,`hfsec_menu_name`,`hfsec_menu_desc`,`menu_level`,`icon`,`url`,`parent_hfsec_menu_id`,`hfpm_program_id`,`hfpm_module_id`,`pri`,`creator_id`,`create_time`,`modifier_id`,`modify_time`,`del_flag`) values (40,'XTGG','系统管理','系统管理',1,'icon-bookmark','vcx',NULL,NULL,NULL,NULL,1,'2016-11-18 19:23:34',NULL,NULL,0);insert  into `hfsec_menu`(`hfsec_menu_id`,`hfsec_menu_code`,`hfsec_menu_name`,`hfsec_menu_desc`,`menu_level`,`icon`,`url`,`parent_hfsec_menu_id`,`hfpm_program_id`,`hfpm_module_id`,`pri`,`creator_id`,`create_time`,`modifier_id`,`modify_time`,`del_flag`) values (41,'CYSTTJ','常用实体添加',NULL,2,'icon-sitemap','/hframe/general_entity_add.html',-1,NULL,NULL,'1.50',1,'2016-11-25 17:45:56',1,'2016-12-07 21:16:00',0);insert  into `hfsec_menu`(`hfsec_menu_id`,`hfsec_menu_code`,`hfsec_menu_name`,`hfsec_menu_desc`,`menu_level`,`icon`,`url`,`parent_hfsec_menu_id`,`hfpm_program_id`,`hfpm_module_id`,`pri`,`creator_id`,`create_time`,`modifier_id`,`modify_time`,`del_flag`) values (42,'hfus_entity_store_mgr','常用实体库管理','常用实体库管理',1,'','/hframe/hfus_entity_store_mgr.html',18,NULL,NULL,'16.00',NULL,NULL,1,'2016-12-07 21:16:00',NULL);insert  into `hfsec_menu`(`hfsec_menu_id`,`hfsec_menu_code`,`hfsec_menu_name`,`hfsec_menu_desc`,`menu_level`,`icon`,`url`,`parent_hfsec_menu_id`,`hfpm_program_id`,`hfpm_module_id`,`pri`,`creator_id`,`create_time`,`modifier_id`,`modify_time`,`del_flag`) values (43,'CHART_DEMO','图标实例',NULL,2,'icon-sitemap','http://localhost:8082/hframe/chartDemo.html?chartCode=user_newly_increased,user_investing_interest&chartName=新增用户数,在投金额',38,NULL,NULL,NULL,1,'2017-03-23 11:43:51',1,'2017-03-23 11:44:45',0);insert  into `hfsec_menu`(`hfsec_menu_id`,`hfsec_menu_code`,`hfsec_menu_name`,`hfsec_menu_desc`,`menu_level`,`icon`,`url`,`parent_hfsec_menu_id`,`hfpm_program_id`,`hfpm_module_id`,`pri`,`creator_id`,`create_time`,`modifier_id`,`modify_time`,`del_flag`) values (44,'application_manage','应用管理','应用管理',2,'icon-sitemap','/hframe/application_manage.html',25,NULL,NULL,'21.00',1,'2017-05-17 18:05:57',NULL,NULL,0);/*Data for the table `hfsec_organize` */insert  into `hfsec_organize`(`hfsec_organize_id`,`hfsec_organize_code`,`hfsec_organize_name`,`hfsec_organize_type`,`hfsec_organize_level`,`status`,`creator_id`,`create_time`,`modifier_id`,`modify_time`,`parent_hfsec_organize_id`) values (1,'ROOT','集团',1,1,1,NULL,NULL,NULL,NULL,-1);insert  into `hfsec_organize`(`hfsec_organize_id`,`hfsec_organize_code`,`hfsec_organize_name`,`hfsec_organize_type`,`hfsec_organize_level`,`status`,`creator_id`,`create_time`,`modifier_id`,`modify_time`,`parent_hfsec_organize_id`) values (2,'fdsa','分公司A',1,2,1,NULL,NULL,NULL,NULL,1);insert  into `hfsec_organize`(`hfsec_organize_id`,`hfsec_organize_code`,`hfsec_organize_name`,`hfsec_organize_type`,`hfsec_organize_level`,`status`,`creator_id`,`create_time`,`modifier_id`,`modify_time`,`parent_hfsec_organize_id`) values (3,'fdsa','分公司B',1,2,1,NULL,NULL,1,'2016-11-18 15:08:44',1);insert  into `hfsec_organize`(`hfsec_organize_id`,`hfsec_organize_code`,`hfsec_organize_name`,`hfsec_organize_type`,`hfsec_organize_level`,`status`,`creator_id`,`create_time`,`modifier_id`,`modify_time`,`parent_hfsec_organize_id`) values (4,'fdsf','部门A-1',1,3,1,NULL,NULL,NULL,NULL,2);insert  into `hfsec_organize`(`hfsec_organize_id`,`hfsec_organize_code`,`hfsec_organize_name`,`hfsec_organize_type`,`hfsec_organize_level`,`status`,`creator_id`,`create_time`,`modifier_id`,`modify_time`,`parent_hfsec_organize_id`) values (8,'fdsa','fdsafd',1,5,1,1,'2016-11-11 13:08:25',NULL,NULL,7);insert  into `hfsec_organize`(`hfsec_organize_id`,`hfsec_organize_code`,`hfsec_organize_name`,`hfsec_organize_type`,`hfsec_organize_level`,`status`,`creator_id`,`create_time`,`modifier_id`,`modify_time`,`parent_hfsec_organize_id`) values (21,'a2','部门A-2',1,4,1,1,'2016-11-11 15:02:48',NULL,NULL,2);insert  into `hfsec_organize`(`hfsec_organize_id`,`hfsec_organize_code`,`hfsec_organize_name`,`hfsec_organize_type`,`hfsec_organize_level`,`status`,`creator_id`,`create_time`,`modifier_id`,`modify_time`,`parent_hfsec_organize_id`) values (22,'B-1','部门B-1',1,4,1,1,'2016-11-13 11:05:26',NULL,NULL,3);insert  into `hfsec_organize`(`hfsec_organize_id`,`hfsec_organize_code`,`hfsec_organize_name`,`hfsec_organize_type`,`hfsec_organize_level`,`status`,`creator_id`,`create_time`,`modifier_id`,`modify_time`,`parent_hfsec_organize_id`) values (23,'A-1-1','小组A-1-1',1,5,1,1,'2016-11-13 11:06:08',NULL,NULL,4);/*Data for the table `hfsec_role` */insert  into `hfsec_role`(`hfsec_role_id`,`hfsec_role_code`,`hfsec_role_name`,`hfsec_role_type`,`status`,`creator_id`,`create_time`,`modifier_id`,`modify_time`) values (1,'super_operator','超级管理员',1,1,NULL,NULL,1,'2017-02-14 11:02:16');insert  into `hfsec_role`(`hfsec_role_id`,`hfsec_role_code`,`hfsec_role_name`,`hfsec_role_type`,`status`,`creator_id`,`create_time`,`modifier_id`,`modify_time`) values (2,'general_operator','普通操作员',1,1,NULL,NULL,1,'2017-02-14 18:51:31');insert  into `hfsec_role`(`hfsec_role_id`,`hfsec_role_code`,`hfsec_role_name`,`hfsec_role_type`,`status`,`creator_id`,`create_time`,`modifier_id`,`modify_time`) values (3,'report_viewer','报表人员',2,1,NULL,NULL,NULL,NULL);/*Data for the table `hfsec_role_authorize` */insert  into `hfsec_role_authorize`(`hfsec_role_authorize_id`,`hfsec_role_authorize_type`,`hfsec_role_id`,`hfsec_menu_id`,`status`,`creator_id`,`create_time`,`modifier_id`,`modify_time`,`operate_event_list`) values (1,1,1,1,1,NULL,NULL,1,'2017-02-14 11:02:16','goto.create,goto.edit,confirm.delete');insert  into `hfsec_role_authorize`(`hfsec_role_authorize_id`,`hfsec_role_authorize_type`,`hfsec_role_id`,`hfsec_menu_id`,`status`,`creator_id`,`create_time`,`modifier_id`,`modify_time`,`operate_event_list`) values (2,1,1,1,1,NULL,NULL,1,'2017-02-13 19:50:57','goto.create,goto.edit,confirm.delete');insert  into `hfsec_role_authorize`(`hfsec_role_authorize_id`,`hfsec_role_authorize_type`,`hfsec_role_id`,`hfsec_menu_id`,`status`,`creator_id`,`create_time`,`modifier_id`,`modify_time`,`operate_event_list`) values (3,1,1,2,1,NULL,NULL,1,'2017-02-14 11:02:16','confirm.delete,goto.detail,batch.delete');insert  into `hfsec_role_authorize`(`hfsec_role_authorize_id`,`hfsec_role_authorize_type`,`hfsec_role_id`,`hfsec_menu_id`,`status`,`creator_id`,`create_time`,`modifier_id`,`modify_time`,`operate_event_list`) values (4,1,1,3,1,NULL,NULL,1,'2017-02-14 11:02:16','goto.create,goto.edit,confirm.delete');insert  into `hfsec_role_authorize`(`hfsec_role_authorize_id`,`hfsec_role_authorize_type`,`hfsec_role_id`,`hfsec_menu_id`,`status`,`creator_id`,`create_time`,`modifier_id`,`modify_time`,`operate_event_list`) values (5,1,1,4,1,NULL,NULL,1,'2017-02-14 11:02:16','confirm.delete,goto_event_page');insert  into `hfsec_role_authorize`(`hfsec_role_authorize_id`,`hfsec_role_authorize_type`,`hfsec_role_id`,`hfsec_menu_id`,`status`,`creator_id`,`create_time`,`modifier_id`,`modify_time`,`operate_event_list`) values (6,1,1,5,1,NULL,NULL,1,'2017-02-14 11:02:16','goto.detail,batch.delete');insert  into `hfsec_role_authorize`(`hfsec_role_authorize_id`,`hfsec_role_authorize_type`,`hfsec_role_id`,`hfsec_menu_id`,`status`,`creator_id`,`create_time`,`modifier_id`,`modify_time`,`operate_event_list`) values (7,1,1,6,1,NULL,NULL,1,'2017-02-14 11:02:16',NULL);insert  into `hfsec_role_authorize`(`hfsec_role_authorize_id`,`hfsec_role_authorize_type`,`hfsec_role_id`,`hfsec_menu_id`,`status`,`creator_id`,`create_time`,`modifier_id`,`modify_time`,`operate_event_list`) values (8,1,1,15,1,NULL,NULL,1,'2017-02-14 11:02:16',NULL);insert  into `hfsec_role_authorize`(`hfsec_role_authorize_id`,`hfsec_role_authorize_type`,`hfsec_role_id`,`hfsec_menu_id`,`status`,`creator_id`,`create_time`,`modifier_id`,`modify_time`,`operate_event_list`) values (9,1,1,16,1,NULL,NULL,1,'2017-02-14 11:02:16',NULL);insert  into `hfsec_role_authorize`(`hfsec_role_authorize_id`,`hfsec_role_authorize_type`,`hfsec_role_id`,`hfsec_menu_id`,`status`,`creator_id`,`create_time`,`modifier_id`,`modify_time`,`operate_event_list`) values (10,1,1,17,1,NULL,NULL,1,'2017-02-14 11:02:16',NULL);insert  into `hfsec_role_authorize`(`hfsec_role_authorize_id`,`hfsec_role_authorize_type`,`hfsec_role_id`,`hfsec_menu_id`,`status`,`creator_id`,`create_time`,`modifier_id`,`modify_time`,`operate_event_list`) values (11,1,1,18,1,NULL,NULL,1,'2017-02-14 11:02:16',NULL);insert  into `hfsec_role_authorize`(`hfsec_role_authorize_id`,`hfsec_role_authorize_type`,`hfsec_role_id`,`hfsec_menu_id`,`status`,`creator_id`,`create_time`,`modifier_id`,`modify_time`,`operate_event_list`) values (12,1,1,19,1,NULL,NULL,1,'2017-02-14 11:02:16',NULL);insert  into `hfsec_role_authorize`(`hfsec_role_authorize_id`,`hfsec_role_authorize_type`,`hfsec_role_id`,`hfsec_menu_id`,`status`,`creator_id`,`create_time`,`modifier_id`,`modify_time`,`operate_event_list`) values (13,1,1,21,1,NULL,NULL,1,'2017-02-14 11:02:16',NULL);insert  into `hfsec_role_authorize`(`hfsec_role_authorize_id`,`hfsec_role_authorize_type`,`hfsec_role_id`,`hfsec_menu_id`,`status`,`creator_id`,`create_time`,`modifier_id`,`modify_time`,`operate_event_list`) values (14,1,1,22,1,NULL,NULL,1,'2017-02-14 11:02:16',NULL);insert  into `hfsec_role_authorize`(`hfsec_role_authorize_id`,`hfsec_role_authorize_type`,`hfsec_role_id`,`hfsec_menu_id`,`status`,`creator_id`,`create_time`,`modifier_id`,`modify_time`,`operate_event_list`) values (15,1,1,23,1,NULL,NULL,1,'2017-02-14 11:02:16',NULL);insert  into `hfsec_role_authorize`(`hfsec_role_authorize_id`,`hfsec_role_authorize_type`,`hfsec_role_id`,`hfsec_menu_id`,`status`,`creator_id`,`create_time`,`modifier_id`,`modify_time`,`operate_event_list`) values (16,1,1,24,1,NULL,NULL,1,'2017-02-14 11:02:16',NULL);insert  into `hfsec_role_authorize`(`hfsec_role_authorize_id`,`hfsec_role_authorize_type`,`hfsec_role_id`,`hfsec_menu_id`,`status`,`creator_id`,`create_time`,`modifier_id`,`modify_time`,`operate_event_list`) values (17,1,1,25,1,NULL,NULL,1,'2017-02-14 11:02:16',NULL);insert  into `hfsec_role_authorize`(`hfsec_role_authorize_id`,`hfsec_role_authorize_type`,`hfsec_role_id`,`hfsec_menu_id`,`status`,`creator_id`,`create_time`,`modifier_id`,`modify_time`,`operate_event_list`) values (18,1,1,26,1,NULL,NULL,1,'2017-02-14 11:02:16',NULL);insert  into `hfsec_role_authorize`(`hfsec_role_authorize_id`,`hfsec_role_authorize_type`,`hfsec_role_id`,`hfsec_menu_id`,`status`,`creator_id`,`create_time`,`modifier_id`,`modify_time`,`operate_event_list`) values (19,1,1,27,1,NULL,NULL,1,'2017-02-14 11:02:16',NULL);insert  into `hfsec_role_authorize`(`hfsec_role_authorize_id`,`hfsec_role_authorize_type`,`hfsec_role_id`,`hfsec_menu_id`,`status`,`creator_id`,`create_time`,`modifier_id`,`modify_time`,`operate_event_list`) values (20,1,1,28,1,NULL,NULL,1,'2017-02-14 11:02:16',NULL);insert  into `hfsec_role_authorize`(`hfsec_role_authorize_id`,`hfsec_role_authorize_type`,`hfsec_role_id`,`hfsec_menu_id`,`status`,`creator_id`,`create_time`,`modifier_id`,`modify_time`,`operate_event_list`) values (21,1,1,29,1,NULL,NULL,1,'2017-02-14 11:02:16',NULL);insert  into `hfsec_role_authorize`(`hfsec_role_authorize_id`,`hfsec_role_authorize_type`,`hfsec_role_id`,`hfsec_menu_id`,`status`,`creator_id`,`create_time`,`modifier_id`,`modify_time`,`operate_event_list`) values (22,1,1,31,1,NULL,NULL,1,'2017-02-14 11:02:16',NULL);insert  into `hfsec_role_authorize`(`hfsec_role_authorize_id`,`hfsec_role_authorize_type`,`hfsec_role_id`,`hfsec_menu_id`,`status`,`creator_id`,`create_time`,`modifier_id`,`modify_time`,`operate_event_list`) values (23,1,1,32,1,NULL,NULL,1,'2017-02-14 11:02:16',NULL);insert  into `hfsec_role_authorize`(`hfsec_role_authorize_id`,`hfsec_role_authorize_type`,`hfsec_role_id`,`hfsec_menu_id`,`status`,`creator_id`,`create_time`,`modifier_id`,`modify_time`,`operate_event_list`) values (24,1,1,33,1,NULL,NULL,1,'2017-02-14 11:02:16',NULL);insert  into `hfsec_role_authorize`(`hfsec_role_authorize_id`,`hfsec_role_authorize_type`,`hfsec_role_id`,`hfsec_menu_id`,`status`,`creator_id`,`create_time`,`modifier_id`,`modify_time`,`operate_event_list`) values (25,1,1,34,1,NULL,NULL,1,'2017-02-14 11:02:16',NULL);insert  into `hfsec_role_authorize`(`hfsec_role_authorize_id`,`hfsec_role_authorize_type`,`hfsec_role_id`,`hfsec_menu_id`,`status`,`creator_id`,`create_time`,`modifier_id`,`modify_time`,`operate_event_list`) values (26,1,1,35,1,NULL,NULL,1,'2017-02-14 11:02:16',NULL);insert  into `hfsec_role_authorize`(`hfsec_role_authorize_id`,`hfsec_role_authorize_type`,`hfsec_role_id`,`hfsec_menu_id`,`status`,`creator_id`,`create_time`,`modifier_id`,`modify_time`,`operate_event_list`) values (33,1,2,1,1,NULL,NULL,1,'2017-02-14 18:51:31','goto.create,goto.edit');insert  into `hfsec_role_authorize`(`hfsec_role_authorize_id`,`hfsec_role_authorize_type`,`hfsec_role_id`,`hfsec_menu_id`,`status`,`creator_id`,`create_time`,`modifier_id`,`modify_time`,`operate_event_list`) values (34,1,2,6,1,NULL,NULL,1,'2017-02-14 18:51:31',NULL);insert  into `hfsec_role_authorize`(`hfsec_role_authorize_id`,`hfsec_role_authorize_type`,`hfsec_role_id`,`hfsec_menu_id`,`status`,`creator_id`,`create_time`,`modifier_id`,`modify_time`,`operate_event_list`) values (35,1,1,36,1,NULL,NULL,1,'2017-02-14 11:02:16',NULL);insert  into `hfsec_role_authorize`(`hfsec_role_authorize_id`,`hfsec_role_authorize_type`,`hfsec_role_id`,`hfsec_menu_id`,`status`,`creator_id`,`create_time`,`modifier_id`,`modify_time`,`operate_event_list`) values (36,1,1,37,1,NULL,NULL,1,'2017-02-14 11:02:16','goto.create,goto.edit,confirm.delete');insert  into `hfsec_role_authorize`(`hfsec_role_authorize_id`,`hfsec_role_authorize_type`,`hfsec_role_id`,`hfsec_menu_id`,`status`,`creator_id`,`create_time`,`modifier_id`,`modify_time`,`operate_event_list`) values (37,1,2,38,1,NULL,NULL,NULL,NULL,NULL);insert  into `hfsec_role_authorize`(`hfsec_role_authorize_id`,`hfsec_role_authorize_type`,`hfsec_role_id`,`hfsec_menu_id`,`status`,`creator_id`,`create_time`,`modifier_id`,`modify_time`,`operate_event_list`) values (38,1,2,31,1,NULL,NULL,1,'2017-02-14 18:51:31','goto.create,goto.edit,confirm.on,confirm.off');insert  into `hfsec_role_authorize`(`hfsec_role_authorize_id`,`hfsec_role_authorize_type`,`hfsec_role_id`,`hfsec_menu_id`,`status`,`creator_id`,`create_time`,`modifier_id`,`modify_time`,`operate_event_list`) values (39,1,2,38,1,NULL,NULL,1,'2017-02-14 18:51:31',NULL);insert  into `hfsec_role_authorize`(`hfsec_role_authorize_id`,`hfsec_role_authorize_type`,`hfsec_role_id`,`hfsec_menu_id`,`status`,`creator_id`,`create_time`,`modifier_id`,`modify_time`,`operate_event_list`) values (40,1,1,39,1,NULL,NULL,1,'2017-02-14 11:02:16',NULL);insert  into `hfsec_role_authorize`(`hfsec_role_authorize_id`,`hfsec_role_authorize_type`,`hfsec_role_id`,`hfsec_menu_id`,`status`,`creator_id`,`create_time`,`modifier_id`,`modify_time`,`operate_event_list`) values (41,NULL,1,42,1,1,'2017-02-13 19:50:57',1,'2017-02-14 11:02:16',NULL);insert  into `hfsec_role_authorize`(`hfsec_role_authorize_id`,`hfsec_role_authorize_type`,`hfsec_role_id`,`hfsec_menu_id`,`status`,`creator_id`,`create_time`,`modifier_id`,`modify_time`,`operate_event_list`) values (42,NULL,1,38,1,1,'2017-02-13 19:50:57',1,'2017-02-14 11:02:16',NULL);insert  into `hfsec_role_authorize`(`hfsec_role_authorize_id`,`hfsec_role_authorize_type`,`hfsec_role_id`,`hfsec_menu_id`,`status`,`creator_id`,`create_time`,`modifier_id`,`modify_time`,`operate_event_list`) values (43,NULL,1,41,NULL,1,'2017-02-13 19:50:57',1,'2017-02-14 11:02:16','save,save');insert  into `hfsec_role_authorize`(`hfsec_role_authorize_id`,`hfsec_role_authorize_type`,`hfsec_role_id`,`hfsec_menu_id`,`status`,`creator_id`,`create_time`,`modifier_id`,`modify_time`,`operate_event_list`) values (44,NULL,1,NULL,NULL,1,'2017-02-13 19:50:57',NULL,NULL,NULL);insert  into `hfsec_role_authorize`(`hfsec_role_authorize_id`,`hfsec_role_authorize_type`,`hfsec_role_id`,`hfsec_menu_id`,`status`,`creator_id`,`create_time`,`modifier_id`,`modify_time`,`operate_event_list`) values (45,NULL,1,NULL,NULL,1,'2017-02-14 10:38:47',NULL,NULL,NULL);insert  into `hfsec_role_authorize`(`hfsec_role_authorize_id`,`hfsec_role_authorize_type`,`hfsec_role_id`,`hfsec_menu_id`,`status`,`creator_id`,`create_time`,`modifier_id`,`modify_time`,`operate_event_list`) values (46,NULL,1,NULL,NULL,1,'2017-02-14 10:39:01',NULL,NULL,NULL);insert  into `hfsec_role_authorize`(`hfsec_role_authorize_id`,`hfsec_role_authorize_type`,`hfsec_role_id`,`hfsec_menu_id`,`status`,`creator_id`,`create_time`,`modifier_id`,`modify_time`,`operate_event_list`) values (47,NULL,1,NULL,NULL,1,'2017-02-14 10:39:11',NULL,NULL,NULL);insert  into `hfsec_role_authorize`(`hfsec_role_authorize_id`,`hfsec_role_authorize_type`,`hfsec_role_id`,`hfsec_menu_id`,`status`,`creator_id`,`create_time`,`modifier_id`,`modify_time`,`operate_event_list`) values (48,NULL,1,NULL,NULL,1,'2017-02-14 11:02:16',NULL,NULL,NULL);insert  into `hfsec_role_authorize`(`hfsec_role_authorize_id`,`hfsec_role_authorize_type`,`hfsec_role_id`,`hfsec_menu_id`,`status`,`creator_id`,`create_time`,`modifier_id`,`modify_time`,`operate_event_list`) values (49,NULL,2,2,NULL,1,'2017-02-14 18:19:53',1,'2017-02-14 18:51:31',NULL);insert  into `hfsec_role_authorize`(`hfsec_role_authorize_id`,`hfsec_role_authorize_type`,`hfsec_role_id`,`hfsec_menu_id`,`status`,`creator_id`,`create_time`,`modifier_id`,`modify_time`,`operate_event_list`) values (50,NULL,2,3,NULL,1,'2017-02-14 18:19:53',1,'2017-02-14 18:51:31',NULL);insert  into `hfsec_role_authorize`(`hfsec_role_authorize_id`,`hfsec_role_authorize_type`,`hfsec_role_id`,`hfsec_menu_id`,`status`,`creator_id`,`create_time`,`modifier_id`,`modify_time`,`operate_event_list`) values (51,NULL,2,4,NULL,1,'2017-02-14 18:19:53',1,'2017-02-14 18:51:31',NULL);insert  into `hfsec_role_authorize`(`hfsec_role_authorize_id`,`hfsec_role_authorize_type`,`hfsec_role_id`,`hfsec_menu_id`,`status`,`creator_id`,`create_time`,`modifier_id`,`modify_time`,`operate_event_list`) values (52,NULL,2,5,NULL,1,'2017-02-14 18:19:53',1,'2017-02-14 18:51:31',NULL);insert  into `hfsec_role_authorize`(`hfsec_role_authorize_id`,`hfsec_role_authorize_type`,`hfsec_role_id`,`hfsec_menu_id`,`status`,`creator_id`,`create_time`,`modifier_id`,`modify_time`,`operate_event_list`) values (53,NULL,2,15,NULL,1,'2017-02-14 18:19:53',1,'2017-02-14 18:51:31',NULL);insert  into `hfsec_role_authorize`(`hfsec_role_authorize_id`,`hfsec_role_authorize_type`,`hfsec_role_id`,`hfsec_menu_id`,`status`,`creator_id`,`create_time`,`modifier_id`,`modify_time`,`operate_event_list`) values (54,NULL,2,16,NULL,1,'2017-02-14 18:19:53',1,'2017-02-14 18:51:31',NULL);insert  into `hfsec_role_authorize`(`hfsec_role_authorize_id`,`hfsec_role_authorize_type`,`hfsec_role_id`,`hfsec_menu_id`,`status`,`creator_id`,`create_time`,`modifier_id`,`modify_time`,`operate_event_list`) values (55,NULL,2,17,NULL,1,'2017-02-14 18:19:53',1,'2017-02-14 18:51:31',NULL);insert  into `hfsec_role_authorize`(`hfsec_role_authorize_id`,`hfsec_role_authorize_type`,`hfsec_role_id`,`hfsec_menu_id`,`status`,`creator_id`,`create_time`,`modifier_id`,`modify_time`,`operate_event_list`) values (56,NULL,2,18,NULL,1,'2017-02-14 18:19:53',1,'2017-02-14 18:51:31',NULL);insert  into `hfsec_role_authorize`(`hfsec_role_authorize_id`,`hfsec_role_authorize_type`,`hfsec_role_id`,`hfsec_menu_id`,`status`,`creator_id`,`create_time`,`modifier_id`,`modify_time`,`operate_event_list`) values (57,NULL,2,19,NULL,1,'2017-02-14 18:19:53',1,'2017-02-14 18:51:31',NULL);insert  into `hfsec_role_authorize`(`hfsec_role_authorize_id`,`hfsec_role_authorize_type`,`hfsec_role_id`,`hfsec_menu_id`,`status`,`creator_id`,`create_time`,`modifier_id`,`modify_time`,`operate_event_list`) values (58,NULL,2,32,NULL,1,'2017-02-14 18:19:53',1,'2017-02-14 18:51:31',NULL);insert  into `hfsec_role_authorize`(`hfsec_role_authorize_id`,`hfsec_role_authorize_type`,`hfsec_role_id`,`hfsec_menu_id`,`status`,`creator_id`,`create_time`,`modifier_id`,`modify_time`,`operate_event_list`) values (59,NULL,2,42,NULL,1,'2017-02-14 18:19:53',1,'2017-02-14 18:51:31',NULL);insert  into `hfsec_role_authorize`(`hfsec_role_authorize_id`,`hfsec_role_authorize_type`,`hfsec_role_id`,`hfsec_menu_id`,`status`,`creator_id`,`create_time`,`modifier_id`,`modify_time`,`operate_event_list`) values (60,NULL,2,21,NULL,1,'2017-02-14 18:19:53',1,'2017-02-14 18:51:31',NULL);insert  into `hfsec_role_authorize`(`hfsec_role_authorize_id`,`hfsec_role_authorize_type`,`hfsec_role_id`,`hfsec_menu_id`,`status`,`creator_id`,`create_time`,`modifier_id`,`modify_time`,`operate_event_list`) values (61,NULL,2,22,NULL,1,'2017-02-14 18:19:53',1,'2017-02-14 18:51:31',NULL);insert  into `hfsec_role_authorize`(`hfsec_role_authorize_id`,`hfsec_role_authorize_type`,`hfsec_role_id`,`hfsec_menu_id`,`status`,`creator_id`,`create_time`,`modifier_id`,`modify_time`,`operate_event_list`) values (62,NULL,2,23,NULL,1,'2017-02-14 18:19:53',1,'2017-02-14 18:51:31',NULL);insert  into `hfsec_role_authorize`(`hfsec_role_authorize_id`,`hfsec_role_authorize_type`,`hfsec_role_id`,`hfsec_menu_id`,`status`,`creator_id`,`create_time`,`modifier_id`,`modify_time`,`operate_event_list`) values (63,NULL,2,24,NULL,1,'2017-02-14 18:19:53',1,'2017-02-14 18:51:31',NULL);insert  into `hfsec_role_authorize`(`hfsec_role_authorize_id`,`hfsec_role_authorize_type`,`hfsec_role_id`,`hfsec_menu_id`,`status`,`creator_id`,`create_time`,`modifier_id`,`modify_time`,`operate_event_list`) values (64,NULL,2,25,NULL,1,'2017-02-14 18:19:53',1,'2017-02-14 18:51:31',NULL);insert  into `hfsec_role_authorize`(`hfsec_role_authorize_id`,`hfsec_role_authorize_type`,`hfsec_role_id`,`hfsec_menu_id`,`status`,`creator_id`,`create_time`,`modifier_id`,`modify_time`,`operate_event_list`) values (65,NULL,2,26,NULL,1,'2017-02-14 18:19:53',1,'2017-02-14 18:51:31',NULL);insert  into `hfsec_role_authorize`(`hfsec_role_authorize_id`,`hfsec_role_authorize_type`,`hfsec_role_id`,`hfsec_menu_id`,`status`,`creator_id`,`create_time`,`modifier_id`,`modify_time`,`operate_event_list`) values (66,NULL,2,27,NULL,1,'2017-02-14 18:19:53',1,'2017-02-14 18:51:31',NULL);insert  into `hfsec_role_authorize`(`hfsec_role_authorize_id`,`hfsec_role_authorize_type`,`hfsec_role_id`,`hfsec_menu_id`,`status`,`creator_id`,`create_time`,`modifier_id`,`modify_time`,`operate_event_list`) values (67,NULL,2,28,NULL,1,'2017-02-14 18:19:53',1,'2017-02-14 18:51:31',NULL);insert  into `hfsec_role_authorize`(`hfsec_role_authorize_id`,`hfsec_role_authorize_type`,`hfsec_role_id`,`hfsec_menu_id`,`status`,`creator_id`,`create_time`,`modifier_id`,`modify_time`,`operate_event_list`) values (68,NULL,2,29,NULL,1,'2017-02-14 18:19:53',1,'2017-02-14 18:51:31',NULL);insert  into `hfsec_role_authorize`(`hfsec_role_authorize_id`,`hfsec_role_authorize_type`,`hfsec_role_id`,`hfsec_menu_id`,`status`,`creator_id`,`create_time`,`modifier_id`,`modify_time`,`operate_event_list`) values (69,NULL,2,34,NULL,1,'2017-02-14 18:19:53',1,'2017-02-14 18:51:31',NULL);insert  into `hfsec_role_authorize`(`hfsec_role_authorize_id`,`hfsec_role_authorize_type`,`hfsec_role_id`,`hfsec_menu_id`,`status`,`creator_id`,`create_time`,`modifier_id`,`modify_time`,`operate_event_list`) values (70,NULL,2,39,NULL,1,'2017-02-14 18:19:53',1,'2017-02-14 18:51:31',NULL);insert  into `hfsec_role_authorize`(`hfsec_role_authorize_id`,`hfsec_role_authorize_type`,`hfsec_role_id`,`hfsec_menu_id`,`status`,`creator_id`,`create_time`,`modifier_id`,`modify_time`,`operate_event_list`) values (71,NULL,2,33,NULL,1,'2017-02-14 18:19:53',1,'2017-02-14 18:51:31',NULL);insert  into `hfsec_role_authorize`(`hfsec_role_authorize_id`,`hfsec_role_authorize_type`,`hfsec_role_id`,`hfsec_menu_id`,`status`,`creator_id`,`create_time`,`modifier_id`,`modify_time`,`operate_event_list`) values (72,NULL,2,35,1,1,'2017-02-14 18:19:53',1,'2017-02-14 18:51:31',NULL);insert  into `hfsec_role_authorize`(`hfsec_role_authorize_id`,`hfsec_role_authorize_type`,`hfsec_role_id`,`hfsec_menu_id`,`status`,`creator_id`,`create_time`,`modifier_id`,`modify_time`,`operate_event_list`) values (73,NULL,2,36,1,1,'2017-02-14 18:19:53',1,'2017-02-14 18:51:31','goto.detail,create.submit');insert  into `hfsec_role_authorize`(`hfsec_role_authorize_id`,`hfsec_role_authorize_type`,`hfsec_role_id`,`hfsec_menu_id`,`status`,`creator_id`,`create_time`,`modifier_id`,`modify_time`,`operate_event_list`) values (74,NULL,2,37,1,1,'2017-02-14 18:19:53',1,'2017-02-14 18:51:31','goto.create,goto.edit,goto.detail');insert  into `hfsec_role_authorize`(`hfsec_role_authorize_id`,`hfsec_role_authorize_type`,`hfsec_role_id`,`hfsec_menu_id`,`status`,`creator_id`,`create_time`,`modifier_id`,`modify_time`,`operate_event_list`) values (75,NULL,2,41,NULL,1,'2017-02-14 18:19:53',1,'2017-02-14 18:51:31',NULL);insert  into `hfsec_role_authorize`(`hfsec_role_authorize_id`,`hfsec_role_authorize_type`,`hfsec_role_id`,`hfsec_menu_id`,`status`,`creator_id`,`create_time`,`modifier_id`,`modify_time`,`operate_event_list`) values (76,NULL,2,NULL,NULL,1,'2017-02-14 18:19:53',NULL,NULL,NULL);insert  into `hfsec_role_authorize`(`hfsec_role_authorize_id`,`hfsec_role_authorize_type`,`hfsec_role_id`,`hfsec_menu_id`,`status`,`creator_id`,`create_time`,`modifier_id`,`modify_time`,`operate_event_list`) values (77,NULL,2,NULL,NULL,1,'2017-02-14 18:51:31',NULL,NULL,NULL);/*Data for the table `hfsec_user` */insert  into `hfsec_user`(`hfsec_user_id`,`hfsec_user_name`,`account`,`PASSWORD`,`gender`,`mobile`,`email`,`addr`,`avatar`,`last_login_time`,`hfsec_organize_id`,`STATUS`,`creator_id`,`create_time`,`modifier_id`,`modify_time`,`del_flag`) values (1,'一灯大师','admin','admin',1,'186106',0,NULL,'https://timgsa.baidu.com/timg?image&quality=80&size=b10000_10000&sec=1474439928435&di=107a421056f8a5e999bf2e6c03553919&imgtype=jpg&src=http%3A%2F%2Fwww.qqzhi.com%2Fuploadpic%2F2014-12-01%2F182730633.jpg',NULL,1,2,NULL,NULL,1,'2017-01-24 16:24:06',NULL);insert  into `hfsec_user`(`hfsec_user_id`,`hfsec_user_name`,`account`,`PASSWORD`,`gender`,`mobile`,`email`,`addr`,`avatar`,`last_login_time`,`hfsec_organize_id`,`STATUS`,`creator_id`,`create_time`,`modifier_id`,`modify_time`,`del_flag`) values (2,'苍井萝拉','zqh','zqh',1,'123123',NULL,NULL,'http://a.hiphotos.baidu.com/image/h%3D200/sign=8eff45392a381f3081198aa999004c67/242dd42a2834349b13eb1984cbea15ce37d3bec5.jpg',NULL,23,2,NULL,NULL,1,'2017-01-24 17:24:11',NULL);insert  into `hfsec_user`(`hfsec_user_id`,`hfsec_user_name`,`account`,`PASSWORD`,`gender`,`mobile`,`email`,`addr`,`avatar`,`last_login_time`,`hfsec_organize_id`,`STATUS`,`creator_id`,`create_time`,`modifier_id`,`modify_time`,`del_flag`) values (3,'aaaa','aaaa','aaaa',NULL,NULL,NULL,NULL,NULL,NULL,23,4,1,'2016-09-22 10:59:49',1,'2017-01-24 16:22:25',0);insert  into `hfsec_user`(`hfsec_user_id`,`hfsec_user_name`,`account`,`PASSWORD`,`gender`,`mobile`,`email`,`addr`,`avatar`,`last_login_time`,`hfsec_organize_id`,`STATUS`,`creator_id`,`create_time`,`modifier_id`,`modify_time`,`del_flag`) values (4,'xiaoer','xiaoer','xiaoer',1,'',NULL,NULL,NULL,NULL,23,4,1,'2016-09-23 08:45:53',1,'2017-01-19 11:36:05',0);insert  into `hfsec_user`(`hfsec_user_id`,`hfsec_user_name`,`account`,`PASSWORD`,`gender`,`mobile`,`email`,`addr`,`avatar`,`last_login_time`,`hfsec_organize_id`,`STATUS`,`creator_id`,`create_time`,`modifier_id`,`modify_time`,`del_flag`) values (5,'草鸡管理员','admin','admin',NULL,NULL,NULL,NULL,'http://pic.hanhande.com/files/141127/1283574_094432_8946.jpg',NULL,23,3,NULL,NULL,1,'2017-01-24 17:42:02',NULL);/*Data for the table `hfsec_user_authorize` */insert  into `hfsec_user_authorize`(`hfsec_user_authorize_id`,`hfsec_user_id`,`hfsec_organize_id`,`hfsec_role_id`,`status`,`creator_id`,`create_time`,`modifier_id`,`modify_time`) values (1,1,1,1,1,1,NULL,1,'2016-11-18 19:00:44');insert  into `hfsec_user_authorize`(`hfsec_user_authorize_id`,`hfsec_user_id`,`hfsec_organize_id`,`hfsec_role_id`,`status`,`creator_id`,`create_time`,`modifier_id`,`modify_time`) values (2,2,23,2,1,NULL,NULL,NULL,NULL);insert  into `hfsec_user_authorize`(`hfsec_user_authorize_id`,`hfsec_user_id`,`hfsec_organize_id`,`hfsec_role_id`,`status`,`creator_id`,`create_time`,`modifier_id`,`modify_time`) values (3,4,3,3,1,1,'2016-11-18 16:04:49',4,NULL);/*Data for the table `hfus_entity_attr` */insert  into `hfus_entity_attr`(`hfus_entity_attr_id`,`hfus_entity_attr_name`,`hfus_entity_attr_code`,`hfus_entity_attr_desc`,`attr_type`,`size`,`ispk`,`nullable`,`is_busi_attr`,`is_redundant_attr`,`op_id`,`create_time`,`modify_op_id`,`modify_time`,`del_flag`) values (1,'{hfmdEntityName}ID','{hfmdEntityCode}_ID','ID',2,'12',1,0,0,0,NULL,NULL,NULL,NULL,NULL);insert  into `hfus_entity_attr`(`hfus_entity_attr_id`,`hfus_entity_attr_name`,`hfus_entity_attr_code`,`hfus_entity_attr_desc`,`attr_type`,`size`,`ispk`,`nullable`,`is_busi_attr`,`is_redundant_attr`,`op_id`,`create_time`,`modify_op_id`,`modify_time`,`del_flag`) values (2,'{hfmdEntityName}编码','{hfmdEntityCode}_CODE','编码',3,'64',0,0,1,0,NULL,NULL,NULL,NULL,NULL);insert  into `hfus_entity_attr`(`hfus_entity_attr_id`,`hfus_entity_attr_name`,`hfus_entity_attr_code`,`hfus_entity_attr_desc`,`attr_type`,`size`,`ispk`,`nullable`,`is_busi_attr`,`is_redundant_attr`,`op_id`,`create_time`,`modify_op_id`,`modify_time`,`del_flag`) values (3,'{hfmdEntityName}名称','{hfmdEntityCode}_NAME','名称',3,'128',0,0,1,0,NULL,NULL,NULL,NULL,NULL);insert  into `hfus_entity_attr`(`hfus_entity_attr_id`,`hfus_entity_attr_name`,`hfus_entity_attr_code`,`hfus_entity_attr_desc`,`attr_type`,`size`,`ispk`,`nullable`,`is_busi_attr`,`is_redundant_attr`,`op_id`,`create_time`,`modify_op_id`,`modify_time`,`del_flag`) values (4,'{hfmdEntityName}描述','{hfmdEntityCode}_DESC','描述',3,'128',0,1,1,0,NULL,NULL,NULL,NULL,NULL);insert  into `hfus_entity_attr`(`hfus_entity_attr_id`,`hfus_entity_attr_name`,`hfus_entity_attr_code`,`hfus_entity_attr_desc`,`attr_type`,`size`,`ispk`,`nullable`,`is_busi_attr`,`is_redundant_attr`,`op_id`,`create_time`,`modify_op_id`,`modify_time`,`del_flag`) values (5,'状态','status','状态',7,'4',0,1,1,0,NULL,NULL,999,'2016-08-10 16:44:48',NULL);insert  into `hfus_entity_attr`(`hfus_entity_attr_id`,`hfus_entity_attr_name`,`hfus_entity_attr_code`,`hfus_entity_attr_desc`,`attr_type`,`size`,`ispk`,`nullable`,`is_busi_attr`,`is_redundant_attr`,`op_id`,`create_time`,`modify_op_id`,`modify_time`,`del_flag`) values (7,'创建人','creator_id','创建人',2,'12',0,1,0,0,NULL,NULL,NULL,NULL,NULL);insert  into `hfus_entity_attr`(`hfus_entity_attr_id`,`hfus_entity_attr_name`,`hfus_entity_attr_code`,`hfus_entity_attr_desc`,`attr_type`,`size`,`ispk`,`nullable`,`is_busi_attr`,`is_redundant_attr`,`op_id`,`create_time`,`modify_op_id`,`modify_time`,`del_flag`) values (8,'创建时间','create_time','创建时间',5,NULL,0,1,0,0,NULL,NULL,NULL,NULL,NULL);insert  into `hfus_entity_attr`(`hfus_entity_attr_id`,`hfus_entity_attr_name`,`hfus_entity_attr_code`,`hfus_entity_attr_desc`,`attr_type`,`size`,`ispk`,`nullable`,`is_busi_attr`,`is_redundant_attr`,`op_id`,`create_time`,`modify_op_id`,`modify_time`,`del_flag`) values (9,'修改人','modifier_id','修改人',2,'12',0,1,0,0,NULL,NULL,NULL,NULL,NULL);insert  into `hfus_entity_attr`(`hfus_entity_attr_id`,`hfus_entity_attr_name`,`hfus_entity_attr_code`,`hfus_entity_attr_desc`,`attr_type`,`size`,`ispk`,`nullable`,`is_busi_attr`,`is_redundant_attr`,`op_id`,`create_time`,`modify_op_id`,`modify_time`,`del_flag`) values (10,'修改时间','modify_time','修改时间',5,NULL,0,1,0,0,NULL,NULL,NULL,NULL,NULL);insert  into `hfus_entity_attr`(`hfus_entity_attr_id`,`hfus_entity_attr_name`,`hfus_entity_attr_code`,`hfus_entity_attr_desc`,`attr_type`,`size`,`ispk`,`nullable`,`is_busi_attr`,`is_redundant_attr`,`op_id`,`create_time`,`modify_op_id`,`modify_time`,`del_flag`) values (11,'{hfmdEntityName}类型','{hfmdEntityCode}_TYPE','类型',7,'4',0,1,1,NULL,999,'2016-08-10 16:28:36',999,'2016-08-10 16:44:58',0);/*Data for the table `hfus_entity_store` */insert  into `hfus_entity_store`(`hfus_entity_store_id`,`hfus_entity_store_name`,`hfus_entity_store_code`,`sql_content`,`entity_group`,`hfus_entity_store_type`,`creator_id`,`create_time`,`modifier_id`,`modify_time`) values (1,'用户','hfsec_user','create table hfsec_user(    hfsec_user_id bigint primary key auto_increment comment \'用户ID\',    hfsec_user_name varchar(64) comment \'用户名称\',    account varchar(64) comment \'用户账号\',    password varchar(128) comment \'用户密码\',    gender int(2) comment \'性别\',    mobile varchar(6) comment \'手机号\',    email int(2) comment \'邮箱\',    addr int(2) comment \'地址\',    avatar varchar(512) comment \'头像\',    last_login_time datetime comment \'上次登录时间\',    status int(2) comment \'状态\',    hfsec_organize_id bigint(20) not null comment \'组织ID\',    creator_id bigint comment \'创建人\',    create_time datetime comment \'创建时间\',    modifier_id bigint comment \'修改人\',    modify_time datetime comment \'修改时间\',    del_flag int(2) comment \'删除标识\') comment \'用户\';\r\nalter table hfsec_user add constraint FK_hfsec_user_4_hfsec_organize_id foreign key (hfsec_organize_id) references hfsec_organize (hfsec_organize_id) on delete restrict on update restrict;\r\n',1,1,1,'2016-11-25 18:40:51',NULL,NULL);insert  into `hfus_entity_store`(`hfus_entity_store_id`,`hfus_entity_store_name`,`hfus_entity_store_code`,`sql_content`,`entity_group`,`hfus_entity_store_type`,`creator_id`,`create_time`,`modifier_id`,`modify_time`) values (2,'组织','hfsec_organize','create table hfsec_organize(    hfsec_organize_id bigint(12) primary key auto_increment not null comment \'组织id\',    hfsec_organize_code varchar(64) not null comment \'组织编码\',    hfsec_organize_name varchar(128) not null comment \'组织名称\',    hfsec_organize_type tinyint(4) comment \'组织类型\',    hfsec_organize_level tinyint(4) comment \'组织级别\',    parent_hfsec_organize_id bigint(12) comment \'上级组织id\',    status tinyint(4) comment \'状态\',    creator_id bigint(12) comment \'创建人\',    create_time datetime comment \'创建时间\',    modifier_id bigint(12) comment \'修改人\',    modify_time datetime comment \'修改时间\') comment \'组织\';\r\nalter table hfsec_organize add constraint FK_hfsec_organize_4_parent_hfsec_organize_id foreign key (parent_hfsec_organize_id) references hfsec_organize (hfsec_organize_id) on delete restrict on update restrict;\r\n',1,2,1,'2016-11-25 18:48:25',NULL,NULL);insert  into `hfus_entity_store`(`hfus_entity_store_id`,`hfus_entity_store_name`,`hfus_entity_store_code`,`sql_content`,`entity_group`,`hfus_entity_store_type`,`creator_id`,`create_time`,`modifier_id`,`modify_time`) values (3,'角色','hfsec_role','create table hfsec_role(    hfsec_role_id bigint(12) primary key auto_increment not null comment \'角色id\',    hfsec_role_code varchar(64) not null comment \'角色编码\',    hfsec_role_name varchar(128) not null comment \'角色名称\',    hfsec_role_type tinyint(4) comment \'角色类型\',    status tinyint(4) comment \'状态\',    creator_id bigint(12) comment \'创建人\',    create_time datetime comment \'创建时间\',    modifier_id bigint(12) comment \'修改人\',    modify_time datetime comment \'修改时间\') comment \'角色\';',1,5,1,'2016-11-25 18:49:33',NULL,NULL);insert  into `hfus_entity_store`(`hfus_entity_store_id`,`hfus_entity_store_name`,`hfus_entity_store_code`,`sql_content`,`entity_group`,`hfus_entity_store_type`,`creator_id`,`create_time`,`modifier_id`,`modify_time`) values (4,'菜单','hfsec_menu','create table hfsec_menu(    hfsec_menu_id bigint(20) primary key auto_increment comment \'菜单ID\',    hfsec_menu_code varchar(64) comment \'菜单编码\',    hfsec_menu_name varchar(128) comment \'菜单名称\',    hfsec_menu_desc varchar(128) comment \'菜单描述\',    menu_level int(2) comment \'菜单级别\',    icon varchar(64) not null comment \'图标\',    url varchar(128) not null comment \'地址\',    parent_hfsec_menu_id bigint(20) not null comment \'父级菜单ID\',    pri numeric(4,2) comment \'优先级\',    creator_id bigint comment \'创建人\',    create_time datetime comment \'创建时间\',    modifier_id bigint comment \'修改人\',    modify_time datetime not null comment \'修改时间\',    del_flag int(2) comment \'删除标识\') comment \'菜单\';\r\nalter table hfsec_menu add constraint FK_hfsec_menu_4_parent_hfsec_menu_id foreign key (parent_hfsec_menu_id) references hfsec_menu (hfsec_menu_id) on delete restrict on update restrict;\r\n',1,3,1,'2016-11-25 18:50:05',NULL,NULL);insert  into `hfus_entity_store`(`hfus_entity_store_id`,`hfus_entity_store_name`,`hfus_entity_store_code`,`sql_content`,`entity_group`,`hfus_entity_store_type`,`creator_id`,`create_time`,`modifier_id`,`modify_time`) values (5,'用户授权','hfsec_user_authorize','create table hfsec_user_authorize(    hfsec_user_authorize_id bigint(12) primary key auto_increment not null comment \'用户授权id\',    hfsec_user_id bigint(20) comment \'用户ID\',    hfsec_organize_id bigint(12) not null comment \'组织id\',    hfsec_role_id bigint(12) not null comment \'角色id\',    status tinyint(4) comment \'状态\',    creator_id bigint(12) comment \'创建人\',    create_time datetime comment \'创建时间\',    modifier_id bigint(12) comment \'修改人\',    modify_time datetime comment \'修改时间\') comment \'用户授权\';\r\nalter table hfsec_user_authorize add constraint FK_hfsec_user_authorize_4_hfsec_user_id foreign key (hfsec_user_id) references hfsec_user (hfsec_user_id) on delete restrict on update restrict;\r\nalter table hfsec_user_authorize add constraint FK_hfsec_user_authorize_4_hfsec_organize_id foreign key (hfsec_organize_id) references hfsec_organize (hfsec_organize_id) on delete restrict on update restrict;\r\nalter table hfsec_user_authorize add constraint FK_hfsec_user_authorize_4_hfsec_role_id foreign key (hfsec_role_id) references hfsec_role (hfsec_role_id) on delete restrict on update restrict;\r\n',1,4,1,'2016-11-25 18:50:57',NULL,NULL);insert  into `hfus_entity_store`(`hfus_entity_store_id`,`hfus_entity_store_name`,`hfus_entity_store_code`,`sql_content`,`entity_group`,`hfus_entity_store_type`,`creator_id`,`create_time`,`modifier_id`,`modify_time`) values (6,'角色授权','hfsec_role_authorize','create table hfsec_role_authorize(    hfsec_role_authorize_id bigint(12) primary key auto_increment not null comment \'角色授权id\',    hfsec_role_authorize_type tinyint(4) comment \'角色授权类型\',    hfsec_role_id bigint(12) not null comment \'角色id\',    hfsec_menu_id bigint(20) comment \'菜单ID\',    status tinyint(4) comment \'状态\',    creator_id bigint(12) comment \'创建人\',    create_time datetime comment \'创建时间\',    modifier_id bigint(12) comment \'修改人\',    modify_time datetime comment \'修改时间\') comment \'角色授权\';\r\nalter table hfsec_role_authorize add constraint FK_hfsec_role_authorize_4_hfsec_role_id foreign key (hfsec_role_id) references hfsec_role (hfsec_role_id) on delete restrict on update restrict;\r\nalter table hfsec_role_authorize add constraint FK_hfsec_role_authorize_4_hfsec_menu_id foreign key (hfsec_menu_id) references hfsec_menu (hfsec_menu_id) on delete restrict on update restrict;\r\n',1,5,1,'2016-11-25 18:51:35',NULL,NULL);insert  into `hfus_entity_store`(`hfus_entity_store_id`,`hfus_entity_store_name`,`hfus_entity_store_code`,`sql_content`,`entity_group`,`hfus_entity_store_type`,`creator_id`,`create_time`,`modifier_id`,`modify_time`) values (7,'字典','hfmd_enum_class','create table hfmd_enum_class(    hfmd_enum_class_id bigint(20) primary key auto_increment comment \'字典ID\',    hfmd_enum_class_name varchar(32) comment \'字典名称\',    hfmd_enum_class_code varchar(64) comment \'字典编码\',    hfmd_enum_class_desc varchar(128) comment \'字典描述\',    ext1 varchar(128) comment \'扩展字段1\',    ext2 varchar(128) comment \'扩展字段2\',    op_id bigint(20) comment \'创建人\',    create_time datetime comment \'创建时间\',    modify_op_id bigint(20) comment \'修改人\',    modify_time datetime comment \'修改时间\',    del_flag int(2) comment \'删除标识\') comment \'字典\';',3,6,1,'2016-11-25 18:53:06',NULL,NULL);insert  into `hfus_entity_store`(`hfus_entity_store_id`,`hfus_entity_store_name`,`hfus_entity_store_code`,`sql_content`,`entity_group`,`hfus_entity_store_type`,`creator_id`,`create_time`,`modifier_id`,`modify_time`) values (8,'字典项','hfmd_enum','create table hfmd_enum(    hfmd_enum_id bigint(20) primary key auto_increment comment \'字典项ID\',    hfmd_enum_value varchar(32) comment \'字典项值\',    hfmd_enum_text varchar(32) comment \'字典项文本\',    hfmd_enum_desc varchar(128) comment \'字典项描述\',    is_default int(2) comment \'是否默认\',    pri numeric(4,2) comment \'优先级\',    ext1 varchar(128) comment \'扩展字段1\',    ext2 varchar(128) comment \'扩展字段2\',    hfmd_enum_class_id bigint(20) comment \'字典ID\',    hfmd_enum_class_code varchar(32),    op_id bigint(20) comment \'创建人\',    create_time datetime comment \'创建时间\',    modify_op_id bigint(20) comment \'修改人\',    modify_time datetime comment \'修改时间\',    del_flag int(2) comment \'删除标识\') comment \'字典项\';\r\nalter table hfmd_enum add constraint FK_hfmd_enum_4_hfmd_enum_class_id foreign key (hfmd_enum_class_id) references hfmd_enum_class (hfmd_enum_class_id) on delete restrict on update restrict;',3,7,1,'2016-11-25 18:53:36',NULL,NULL);insert  into `hfus_entity_store`(`hfus_entity_store_id`,`hfus_entity_store_name`,`hfus_entity_store_code`,`sql_content`,`entity_group`,`hfus_entity_store_type`,`creator_id`,`create_time`,`modifier_id`,`modify_time`) values (9,'用户','user','create table user(    user_id bigint primary key auto_increment comment \'用户ID\',    user_name varchar(64) comment \'用户名称\',    account varchar(64) comment \'用户账号\',    password varchar(128) comment \'用户密码\',    gender int(2) comment \'性别\',    mobile varchar(6) comment \'手机号\',    email int(2) comment \'邮箱\',    addr int(2) comment \'地址\',    avatar varchar(512) comment \'头像\',    last_login_time datetime comment \'上次登录时间\',    status int(2) comment \'状态\',    organize_id bigint(20) not null comment \'组织ID\',    creator_id bigint comment \'创建人\',    create_time datetime comment \'创建时间\',    modifier_id bigint comment \'修改人\',    modify_time datetime comment \'修改时间\',    del_flag int(2) comment \'删除标识\') comment \'用户\';\r\nalter table user add constraint FK_user_4_organize_id foreign key (organize_id) references organize (organize_id) on delete restrict on update restrict;\r\n',2,1,1,'2016-11-25 18:40:51',NULL,NULL);insert  into `hfus_entity_store`(`hfus_entity_store_id`,`hfus_entity_store_name`,`hfus_entity_store_code`,`sql_content`,`entity_group`,`hfus_entity_store_type`,`creator_id`,`create_time`,`modifier_id`,`modify_time`) values (10,'组织','organize','create table organize(    organize_id bigint(12) primary key auto_increment not null comment \'组织id\',    organize_code varchar(64) not null comment \'组织编码\',    organize_name varchar(128) not null comment \'组织名称\',    organize_type tinyint(4) comment \'组织类型\',    organize_level tinyint(4) comment \'组织级别\',    parent_organize_id bigint(12) comment \'上级组织id\',    status tinyint(4) comment \'状态\',    creator_id bigint(12) comment \'创建人\',    create_time datetime comment \'创建时间\',    modifier_id bigint(12) comment \'修改人\',    modify_time datetime comment \'修改时间\') comment \'组织\';\r\nalter table organize add constraint FK_organize_4_parent_organize_id foreign key (parent_organize_id) references organize (organize_id) on delete restrict on update restrict;\r\n',2,2,1,'2016-11-25 18:48:25',NULL,NULL);insert  into `hfus_entity_store`(`hfus_entity_store_id`,`hfus_entity_store_name`,`hfus_entity_store_code`,`sql_content`,`entity_group`,`hfus_entity_store_type`,`creator_id`,`create_time`,`modifier_id`,`modify_time`) values (11,'角色','role','create table role(    role_id bigint(12) primary key auto_increment not null comment \'角色id\',    role_code varchar(64) not null comment \'角色编码\',    role_name varchar(128) not null comment \'角色名称\',    role_type tinyint(4) comment \'角色类型\',    status tinyint(4) comment \'状态\',    creator_id bigint(12) comment \'创建人\',    create_time datetime comment \'创建时间\',    modifier_id bigint(12) comment \'修改人\',    modify_time datetime comment \'修改时间\') comment \'角色\';',2,5,1,'2016-11-25 18:49:33',NULL,NULL);insert  into `hfus_entity_store`(`hfus_entity_store_id`,`hfus_entity_store_name`,`hfus_entity_store_code`,`sql_content`,`entity_group`,`hfus_entity_store_type`,`creator_id`,`create_time`,`modifier_id`,`modify_time`) values (12,'菜单','menu','create table menu(    menu_id bigint(20) primary key auto_increment comment \'菜单ID\',    menu_code varchar(64) comment \'菜单编码\',    menu_name varchar(128) comment \'菜单名称\',    menu_desc varchar(128) comment \'菜单描述\',    menu_level int(2) comment \'菜单级别\',    icon varchar(64) comment \'图标\',    url varchar(128) not null comment \'地址\',    parent_menu_id bigint(20) not null comment \'父级菜单ID\',    pri numeric(4,2) comment \'优先级\',    creator_id bigint comment \'创建人\',    create_time datetime comment \'创建时间\',    modifier_id bigint comment \'修改人\',    modify_time datetime comment \'修改时间\',    del_flag int(2) comment \'删除标识\') comment \'菜单\';\r\nalter table menu add constraint FK_menu_4_parent_menu_id foreign key (parent_menu_id) references menu (menu_id) on delete restrict on update restrict;\r\n',2,3,1,'2016-11-25 18:50:05',NULL,NULL);insert  into `hfus_entity_store`(`hfus_entity_store_id`,`hfus_entity_store_name`,`hfus_entity_store_code`,`sql_content`,`entity_group`,`hfus_entity_store_type`,`creator_id`,`create_time`,`modifier_id`,`modify_time`) values (13,'用户授权','user_authorize','create table user_authorize(    user_authorize_id bigint(12) primary key auto_increment not null comment \'用户授权id\',    user_id bigint(20) comment \'用户ID\',    organize_id bigint(12) not null comment \'组织id\',    role_id bigint(12) not null comment \'角色id\',    status tinyint(4) comment \'状态\',    creator_id bigint(12) comment \'创建人\',    create_time datetime comment \'创建时间\',    modifier_id bigint(12) comment \'修改人\',    modify_time datetime comment \'修改时间\') comment \'用户授权\';\r\nalter table user_authorize add constraint FK_user_authorize_4_user_id foreign key (user_id) references user (user_id) on delete restrict on update restrict;\r\nalter table user_authorize add constraint FK_user_authorize_4_organize_id foreign key (organize_id) references organize (organize_id) on delete restrict on update restrict;\r\nalter table user_authorize add constraint FK_user_authorize_4_role_id foreign key (role_id) references role (role_id) on delete restrict on update restrict;\r\n',2,4,1,'2016-11-25 18:50:57',NULL,NULL);insert  into `hfus_entity_store`(`hfus_entity_store_id`,`hfus_entity_store_name`,`hfus_entity_store_code`,`sql_content`,`entity_group`,`hfus_entity_store_type`,`creator_id`,`create_time`,`modifier_id`,`modify_time`) values (14,'角色授权','role_authorize','create table role_authorize(    role_authorize_id bigint(12) primary key auto_increment not null comment \'角色授权id\',    role_authorize_type tinyint(4) comment \'角色授权类型\',    role_id bigint(12) not null comment \'角色id\',    menu_id bigint(20) comment \'菜单ID\',    status tinyint(4) comment \'状态\',    creator_id bigint(12) comment \'创建人\',    create_time datetime comment \'创建时间\',    modifier_id bigint(12) comment \'修改人\',    modify_time datetime comment \'修改时间\') comment \'角色授权\';\r\nalter table role_authorize add constraint FK_role_authorize_4_role_id foreign key (role_id) references role (role_id) on delete restrict on update restrict;\r\nalter table role_authorize add constraint FK_role_authorize_4_menu_id foreign key (menu_id) references menu (menu_id) on delete restrict on update restrict;\r\n',2,5,1,'2016-11-25 18:51:35',NULL,NULL);insert  into `hfus_entity_store`(`hfus_entity_store_id`,`hfus_entity_store_name`,`hfus_entity_store_code`,`sql_content`,`entity_group`,`hfus_entity_store_type`,`creator_id`,`create_time`,`modifier_id`,`modify_time`) values (15,'字典','dictionary','create table dictionary(    dictionary_id bigint(20) primary key auto_increment comment \'字典ID\',    dictionary_name varchar(32) comment \'字典名称\',    dictionary_code varchar(64) comment \'字典编码\',    dictionary_desc varchar(128) comment \'字典描述\',    ext1 varchar(128) comment \'扩展字段1\',    ext2 varchar(128) comment \'扩展字段2\',    op_id bigint(20) comment \'创建人\',    create_time datetime comment \'创建时间\',    modify_op_id bigint(20) comment \'修改人\',    modify_time datetime comment \'修改时间\',    del_flag int(2) comment \'删除标识\') comment \'字典\';',4,6,1,'2016-11-25 18:53:06',NULL,NULL);insert  into `hfus_entity_store`(`hfus_entity_store_id`,`hfus_entity_store_name`,`hfus_entity_store_code`,`sql_content`,`entity_group`,`hfus_entity_store_type`,`creator_id`,`create_time`,`modifier_id`,`modify_time`) values (16,'字典项','dictionary_item','create table dictionary_item(    dictionary_item_id bigint(20) primary key auto_increment comment \'字典项ID\',    value varchar(32) comment \'字典项值\',    text varchar(32) comment \'字典项文本\',    desc varchar(128) comment \'字典项描述\',    is_default int(2) comment \'是否默认\',    pri numeric(4,2) comment \'优先级\',    ext1 varchar(128) comment \'扩展字段1\',    ext2 varchar(128) comment \'扩展字段2\',    dictionary_id bigint(20) comment \'字典ID\',    dictionary_code varchar(32),    op_id bigint(20) comment \'创建人\',    create_time datetime comment \'创建时间\',    modify_op_id bigint(20) comment \'修改人\',    modify_time datetime comment \'修改时间\',    del_flag int(2) comment \'删除标识\') comment \'字典项\';\r\nalter table dictionary_item add constraint FK_dictionary_item_4_dictionary_id foreign key (dictionary_id) references dictionary (dictionary_id) on delete restrict on update restrict;',4,7,1,'2016-11-25 18:53:36',NULL,NULL);/*Data for the table `hfus_word_store` */insert  into `hfus_word_store`(`hfus_word_store_id`,`chinese_chars`,`english_name`,`english_short_name`,`op_id`,`create_time`,`modify_op_id`,`modify_time`,`del_flag`) values (1,'收益','profit','profit',NULL,NULL,1,'2016-12-08 15:53:04',1);insert  into `hfus_word_store`(`hfus_word_store_id`,`chinese_chars`,`english_name`,`english_short_name`,`op_id`,`create_time`,`modify_op_id`,`modify_time`,`del_flag`) values (2,'收益','profit','profit',NULL,NULL,1,'2016-10-17 17:59:23',NULL);insert  into `hfus_word_store`(`hfus_word_store_id`,`chinese_chars`,`english_name`,`english_short_name`,`op_id`,`create_time`,`modify_op_id`,`modify_time`,`del_flag`) values (3,'收益','profit','profit',NULL,NULL,NULL,NULL,NULL);insert  into `hfus_word_store`(`hfus_word_store_id`,`chinese_chars`,`english_name`,`english_short_name`,`op_id`,`create_time`,`modify_op_id`,`modify_time`,`del_flag`) values (4,'收益','profit','profit',NULL,NULL,NULL,NULL,NULL);insert  into `hfus_word_store`(`hfus_word_store_id`,`chinese_chars`,`english_name`,`english_short_name`,`op_id`,`create_time`,`modify_op_id`,`modify_time`,`del_flag`) values (5,'1','1','1',999,'2016-08-28 17:05:00',NULL,NULL,0);insert  into `hfus_word_store`(`hfus_word_store_id`,`chinese_chars`,`english_name`,`english_short_name`,`op_id`,`create_time`,`modify_op_id`,`modify_time`,`del_flag`) values (6,'1','1','1',999,'2016-08-28 17:06:46',NULL,NULL,0);insert  into `hfus_word_store`(`hfus_word_store_id`,`chinese_chars`,`english_name`,`english_short_name`,`op_id`,`create_time`,`modify_op_id`,`modify_time`,`del_flag`) values (7,'1','11','1',999,'2016-08-28 17:09:29',NULL,NULL,0);insert  into `hfus_word_store`(`hfus_word_store_id`,`chinese_chars`,`english_name`,`english_short_name`,`op_id`,`create_time`,`modify_op_id`,`modify_time`,`del_flag`) values (8,'1','11','1',999,'2016-08-28 17:11:33',NULL,NULL,0);insert  into `hfus_word_store`(`hfus_word_store_id`,`chinese_chars`,`english_name`,`english_short_name`,`op_id`,`create_time`,`modify_op_id`,`modify_time`,`del_flag`) values (9,'11','1','1',999,'2016-08-28 17:18:58',NULL,NULL,0);insert  into `hfus_word_store`(`hfus_word_store_id`,`chinese_chars`,`english_name`,`english_short_name`,`op_id`,`create_time`,`modify_op_id`,`modify_time`,`del_flag`) values (10,'111','11','1',999,'2016-08-28 17:20:35',NULL,NULL,0);insert  into `hfus_word_store`(`hfus_word_store_id`,`chinese_chars`,`english_name`,`english_short_name`,`op_id`,`create_time`,`modify_op_id`,`modify_time`,`del_flag`) values (11,'11','1','1',999,'2016-08-28 17:27:54',NULL,NULL,0);insert  into `hfus_word_store`(`hfus_word_store_id`,`chinese_chars`,`english_name`,`english_short_name`,`op_id`,`create_time`,`modify_op_id`,`modify_time`,`del_flag`) values (12,'11','1','1',999,'2016-08-28 17:29:35',NULL,NULL,0);insert  into `hfus_word_store`(`hfus_word_store_id`,`chinese_chars`,`english_name`,`english_short_name`,`op_id`,`create_time`,`modify_op_id`,`modify_time`,`del_flag`) values (13,'11','1','1',999,'2016-08-28 17:29:43',NULL,NULL,0);insert  into `hfus_word_store`(`hfus_word_store_id`,`chinese_chars`,`english_name`,`english_short_name`,`op_id`,`create_time`,`modify_op_id`,`modify_time`,`del_flag`) values (14,'11','1','1',999,'2016-08-28 17:32:37',NULL,NULL,0);insert  into `hfus_word_store`(`hfus_word_store_id`,`chinese_chars`,`english_name`,`english_short_name`,`op_id`,`create_time`,`modify_op_id`,`modify_time`,`del_flag`) values (15,'11','1','1',999,'2016-08-28 17:32:43',NULL,NULL,0);insert  into `hfus_word_store`(`hfus_word_store_id`,`chinese_chars`,`english_name`,`english_short_name`,`op_id`,`create_time`,`modify_op_id`,`modify_time`,`del_flag`) values (16,'11','1','1',999,'2016-08-28 17:32:59',NULL,NULL,0);insert  into `hfus_word_store`(`hfus_word_store_id`,`chinese_chars`,`english_name`,`english_short_name`,`op_id`,`create_time`,`modify_op_id`,`modify_time`,`del_flag`) values (17,'111','1','1',999,'2016-08-28 17:43:15',NULL,NULL,0);insert  into `hfus_word_store`(`hfus_word_store_id`,`chinese_chars`,`english_name`,`english_short_name`,`op_id`,`create_time`,`modify_op_id`,`modify_time`,`del_flag`) values (18,'1','1','1',999,'2016-08-28 17:45:08',NULL,NULL,0);insert  into `hfus_word_store`(`hfus_word_store_id`,`chinese_chars`,`english_name`,`english_short_name`,`op_id`,`create_time`,`modify_op_id`,`modify_time`,`del_flag`) values (19,'2','2','2',999,'2016-08-28 17:49:59',NULL,NULL,0);insert  into `hfus_word_store`(`hfus_word_store_id`,`chinese_chars`,`english_name`,`english_short_name`,`op_id`,`create_time`,`modify_op_id`,`modify_time`,`del_flag`) values (20,'2','2','2',999,'2016-08-28 17:52:16',NULL,NULL,0);insert  into `hfus_word_store`(`hfus_word_store_id`,`chinese_chars`,`english_name`,`english_short_name`,`op_id`,`create_time`,`modify_op_id`,`modify_time`,`del_flag`) values (21,'2','2','2',999,'2016-08-28 17:53:57',NULL,NULL,0);insert  into `hfus_word_store`(`hfus_word_store_id`,`chinese_chars`,`english_name`,`english_short_name`,`op_id`,`create_time`,`modify_op_id`,`modify_time`,`del_flag`) values (22,'2','2','2',999,'2016-08-28 17:54:04',NULL,NULL,0);insert  into `hfus_word_store`(`hfus_word_store_id`,`chinese_chars`,`english_name`,`english_short_name`,`op_id`,`create_time`,`modify_op_id`,`modify_time`,`del_flag`) values (23,'test','test','test',1,'2016-10-14 11:16:11',NULL,NULL,0);/*Data for the table `hfpm_field_show_type` */insert  into `hfpm_field_show_type`(`hfpm_field_show_type_id`,`hfpm_field_show_type_code`,`hfpm_field_show_type_name`,`pre_str`,`after_str`,`col_span`,`row_span`,`width`,`height`,`param1`,`param2`,`param3`,`param4`,`op_id`,`create_time`,`modify_op_id`,`modify_time`,`del_flag`) values (1,'input','输入框',NULL,NULL,NULL,NULL,NULL,NULL,NULL,NULL,NULL,NULL,NULL,NULL,NULL,NULL,NULL);insert  into `hfpm_field_show_type`(`hfpm_field_show_type_id`,`hfpm_field_show_type_code`,`hfpm_field_show_type_name`,`pre_str`,`after_str`,`col_span`,`row_span`,`width`,`height`,`param1`,`param2`,`param3`,`param4`,`op_id`,`create_time`,`modify_op_id`,`modify_time`,`del_flag`) values (2,'select','选择框',NULL,NULL,NULL,NULL,NULL,NULL,NULL,NULL,NULL,NULL,NULL,NULL,NULL,NULL,NULL);insert  into `hfpm_field_show_type`(`hfpm_field_show_type_id`,`hfpm_field_show_type_code`,`hfpm_field_show_type_name`,`pre_str`,`after_str`,`col_span`,`row_span`,`width`,`height`,`param1`,`param2`,`param3`,`param4`,`op_id`,`create_time`,`modify_op_id`,`modify_time`,`del_flag`) values (3,'datetime','时间框',NULL,NULL,NULL,NULL,NULL,NULL,NULL,NULL,NULL,NULL,NULL,NULL,NULL,NULL,NULL);insert  into `hfpm_field_show_type`(`hfpm_field_show_type_id`,`hfpm_field_show_type_code`,`hfpm_field_show_type_name`,`pre_str`,`after_str`,`col_span`,`row_span`,`width`,`height`,`param1`,`param2`,`param3`,`param4`,`op_id`,`create_time`,`modify_op_id`,`modify_time`,`del_flag`) values (4,'hidden','隐藏框',NULL,NULL,NULL,NULL,NULL,NULL,NULL,NULL,NULL,NULL,NULL,NULL,NULL,NULL,NULL);insert  into `hfpm_field_show_type`(`hfpm_field_show_type_id`,`hfpm_field_show_type_code`,`hfpm_field_show_type_name`,`pre_str`,`after_str`,`col_span`,`row_span`,`width`,`height`,`param1`,`param2`,`param3`,`param4`,`op_id`,`create_time`,`modify_op_id`,`modify_time`,`del_flag`) values (5,'select-panel','选择板',NULL,NULL,NULL,NULL,NULL,NULL,NULL,NULL,NULL,NULL,NULL,NULL,NULL,NULL,NULL);insert  into `hfpm_field_show_type`(`hfpm_field_show_type_id`,`hfpm_field_show_type_code`,`hfpm_field_show_type_name`,`pre_str`,`after_str`,`col_span`,`row_span`,`width`,`height`,`param1`,`param2`,`param3`,`param4`,`op_id`,`create_time`,`modify_op_id`,`modify_time`,`del_flag`) values (6,'muti-select','多选框',NULL,NULL,NULL,NULL,NULL,NULL,NULL,NULL,NULL,NULL,NULL,NULL,NULL,NULL,NULL);insert  into `hfpm_field_show_type`(`hfpm_field_show_type_id`,`hfpm_field_show_type_code`,`hfpm_field_show_type_name`,`pre_str`,`after_str`,`col_span`,`row_span`,`width`,`height`,`param1`,`param2`,`param3`,`param4`,`op_id`,`create_time`,`modify_op_id`,`modify_time`,`del_flag`) values (7,'textarea','文本输入框',NULL,NULL,NULL,NULL,NULL,NULL,NULL,NULL,NULL,NULL,NULL,NULL,NULL,NULL,NULL);insert  into `hfpm_field_show_type`(`hfpm_field_show_type_id`,`hfpm_field_show_type_code`,`hfpm_field_show_type_name`,`pre_str`,`after_str`,`col_span`,`row_span`,`width`,`height`,`param1`,`param2`,`param3`,`param4`,`op_id`,`create_time`,`modify_op_id`,`modify_time`,`del_flag`) values (8,'checkbox','复选框',NULL,NULL,NULL,NULL,NULL,NULL,NULL,NULL,NULL,NULL,NULL,NULL,NULL,NULL,NULL);insert  into `hfpm_field_show_type`(`hfpm_field_show_type_id`,`hfpm_field_show_type_code`,`hfpm_field_show_type_name`,`pre_str`,`after_str`,`col_span`,`row_span`,`width`,`height`,`param1`,`param2`,`param3`,`param4`,`op_id`,`create_time`,`modify_op_id`,`modify_time`,`del_flag`) values (9,'radio','单选框',NULL,NULL,NULL,NULL,NULL,NULL,NULL,NULL,NULL,NULL,NULL,NULL,NULL,NULL,NULL);insert  into `hfpm_field_show_type`(`hfpm_field_show_type_id`,`hfpm_field_show_type_code`,`hfpm_field_show_type_name`,`pre_str`,`after_str`,`col_span`,`row_span`,`width`,`height`,`param1`,`param2`,`param3`,`param4`,`op_id`,`create_time`,`modify_op_id`,`modify_time`,`del_flag`) values (10,'password','密码框',NULL,NULL,NULL,NULL,NULL,NULL,NULL,NULL,NULL,NULL,NULL,NULL,NULL,NULL,NULL);/*!40101 SET SQL_MODE=@OLD_SQL_MODE */;/*!40014 SET UNIQUE_CHECKS=@OLD_UNIQUE_CHECKS */;/*!40111 SET SQL_NOTES=@OLD_SQL_NOTES */;